video_id,author,comment_text,like_count,published_at,cyberbullying,classificacao
nTcRHtcaE10,@nikirotine,Se o calvo sofrer denovo vou chorar,2.0,2025-03-20T15:55:33Z,1,toxic
nTcRHtcaE10,@CarlosFerreira-br9gd,J√° t√° na cara que esses dois a√≠ v√£o namorar que agora de certo que n√£o machuque nosso calvo üò¢‚ù§,1.0,2025-03-13T15:09:31Z,1,toxic
nTcRHtcaE10,@Rayssa-l2m,"Aeeeeeee casal ,calvo e Gabi finalmente voltou ‚ù§üéâüéâüéâ",0.0,2025-03-13T03:33:47Z,1,not_toxic
nTcRHtcaE10,@iurygabriel9908,"N√£o t√¥ afim de ver o calvo vacil√£o sofrer dnv n, a Gaby e o golpe",0.0,2025-03-12T16:11:47Z,1,toxic
nTcRHtcaE10,@arthurribeiro6884,VAMO Calvo Agora Vai tenho f√© Eu Shipo muito esses Dois Formam um belo Casal ‚ù§‚ù§‚ù§ü´∂ü´∂ü´∂,0.0,2025-03-12T15:21:31Z,1,toxic
nTcRHtcaE10,@Mateus-2245,Nmrl eu n√£o t√¥ a fim de ver o calvo sofrendo de novo se por caso eles voltarem,162.0,2025-03-12T14:28:21Z,1,toxic
9TbzIKWtvOc,@enrickdasilva6398,A vai pa puta que paril rezende  ta precisando de Adsense,0.0,2024-08-08T23:14:37Z,1,toxic
9TbzIKWtvOc,@EmillyCavalcante452,Ei rezende agora falta o calvo e gabiüòä que concorda clica no like,0.0,2024-08-08T21:43:06Z,1,toxic
9TbzIKWtvOc,@renanbarbosa3411,Miser√°vel kkkkkkkk,0.0,2024-08-08T20:10:47Z,1,toxic
9TbzIKWtvOc,@Gzinxit07,"Cara desgra√ßado ksksksksks,deixou pra amanh√£ üòÇ",0.0,2024-08-08T18:28:29Z,1,toxic
9TbzIKWtvOc,@mendoncadigital,"na moral eu to com raiva por isso vou falar isso !! o rezende ta preguiso,vagabundo sem nocao por isso s√≥ posta 1 video por dia!!!!! faleiiii <a href=""UCkszU2WH9gy1mb0dV-11UJg/b8IfY7zOK9iVkNAP_I2A-AY""></a><a href=""UCkszU2WH9gy1mb0dV-11UJg/b8IfY7zOK9iVkNAP_I2A-AY""></a><a href=""UCkszU2WH9gy1mb0dV-11UJg/b8IfY7zOK9iVkNAP_I2A-AY""></a><a href=""UCkszU2WH9gy1mb0dV-11UJg/b8IfY7zOK9iVkNAP_I2A-AY""></a><a href=""UCkszU2WH9gy1mb0dV-11UJg/b8IfY7zOK9iVkNAP_I2A-AY""></a>",1.0,2024-08-08T17:26:19Z,1,toxic
9TbzIKWtvOc,@USER7778-q3x,Rezende miser√°vel üòÇ‚ù§‚ù§,0.0,2024-08-08T17:03:03Z,1,not_toxic
9TbzIKWtvOc,@JOAOMIGUEL-vy4lf,Desgra√ßado kkkkkkk,0.0,2024-08-08T15:34:34Z,1,toxic
9TbzIKWtvOc,@LeticiaArruda-t5w,Puta que parou,0.0,2024-08-08T15:29:37Z,1,toxic
9TbzIKWtvOc,@homemarvore74,Puta que me pariu meu Deus do c√©u beija logo ‚ù§‚ù§‚ù§,0.0,2024-08-08T15:00:23Z,1,toxic
9TbzIKWtvOc,@ItaloFerreira-ej4wh,Aahhh corno no finalzinho üò¢,0.0,2024-08-08T14:20:57Z,1,not_toxic
9TbzIKWtvOc,@Alexiaquirinox,AAHHAAHHAH PUTA QUE PARIU VEY EU TENHO ANSIEDADEE,1.0,2024-08-08T14:13:50Z,1,toxic
9TbzIKWtvOc,@GabrielAlves-1904,Haeeeeeeeeeeeeeeeeeeeeee<br><br>D√° like se querem ver o zaza a pedir a gi em namoro <br>(N√¢o √© obrigat√≥rio n√£o sou mendigo de like),0.0,2024-08-08T14:10:24Z,1,toxic
s_OMCz5MXnU,@nogayeniang9119,Eu sou africano mas adoro esse casal,0.0,2024-10-14T00:00:27Z,1,not_toxic
Pp6FwS8iFms,@craudimadr8664,Ela si acha demais e ele fica parecendo um babaca atr√°s dela.,0.0,2024-07-26T02:38:54Z,1,toxic
Pp6FwS8iFms,@Reithu3,"A conversa finalizada e o cara quer continuar, ele √© mt burro",0.0,2024-07-26T01:29:07Z,1,not_toxic
Pp6FwS8iFms,@henzoraphael39,"Zanella para de ser burro e escuta o Pedro, Ian e Jo√£o",0.0,2024-07-25T23:32:03Z,1,not_toxic
Pp6FwS8iFms,@luishenriqueklein9405,ela nem ligava pra ele falou a vdd ficou puta com ele porque,0.0,2024-07-25T16:53:21Z,1,toxic
Pp6FwS8iFms,@davifelipenunes7451,"√â MUITO BURRO ZANELLAA,ESCUTA O  REZENDE!!!!!!!!!!",0.0,2024-07-25T16:51:37Z,1,toxic
Pp6FwS8iFms,@samuelbsa8420,Zanella seis que entender que ela n√£o gosta que tu sejas queria porque isso √© est√∫pido,0.0,2024-07-25T14:55:10Z,1,toxic
Pp6FwS8iFms,@samuelbsa8420,Tens uma menina tanto da hora e n√£o paravas De conquistar ela e agora fizeste isso Est√∫pido,0.0,2024-07-25T14:49:52Z,1,toxic
Pp6FwS8iFms,@samuelbsa8420,Zanella para de ser est√∫pido e n√£o te armes √© porque eu Sou cria,0.0,2024-07-25T14:48:52Z,1,toxic
Pp6FwS8iFms,@StevaoFerreira383,O zanella √© muito burro deu essa bobeira quase voltou na estaca zero vai ginella bora carai,0.0,2024-07-25T14:35:27Z,1,toxic
Pp6FwS8iFms,@NicholasOrtigosa,Caramba Zaza arruma esse cabelo  t√° calvo hein üòÇ,1.0,2024-07-25T14:23:55Z,1,not_toxic
Pp6FwS8iFms,@brunadacruzcabral9471,Zaz√° para de ser burro vc √†s vezes tem que escutar eles e parar de ser o cria master,0.0,2024-07-25T14:13:13Z,1,toxic
DJNZza61z1U,@MatheusCaputo-xt2ye,Se ferrou burro üòÇüòÇüòÇüéâ,0.0,2025-04-11T22:26:30Z,1,not_toxic
DJNZza61z1U,@leticiamvvidal4817,Pq voc√™ n acelerou burro,0.0,2024-09-01T21:16:04Z,1,toxic
DJNZza61z1U,@ZisaAparecidadeMattos,Meu Deus coitado dele mas para que tamb√©m ele foi bater no carro foi burro n√©,0.0,2024-08-04T01:46:22Z,1,toxic
DJNZza61z1U,@miguelitinho10,Bicho burro fecha a chanela,0.0,2024-07-31T21:43:39Z,1,toxic
DJNZza61z1U,@RafaelMacielferraz,S√≥ pode ser corno,0.0,2024-07-30T01:37:02Z,1,toxic
DJNZza61z1U,@Bernado-lb1xo,Vc continua babaca,0.0,2024-07-21T23:10:20Z,1,not_toxic
DJNZza61z1U,@gustavosk801,"Quem √© Jesus?<br><br>Para o cego, √© a luz.<br>Para o faminto, √© o p√£o.<br>Para o sedento, √© a fonte de √°gua viva.<br>Para o morto, √© a vida.<br>Para o enfermo, √© a cura.<br>Para o prisioneiro, √© a liberdade.<br>Para o solit√°rio, √© o companheiro.<br>Para o viajante, √© o caminho.<br>Para o s√°bio, √© a sabedoria.<br>Para a medicina, √© o m√©dico dos m√©dicos.<br>Para o r√©u, √© o advogado.<br>Para o advogado, √© o Juiz.<br>Para o Juiz, √© a justi√ßa.<br>Para o cansado, √© o al√≠vio.<br>Para o pedreiro, √© a pedra principal.<br>Para o jardineiro, √© a rosa de Sharon.<br>Para o triste, √© a alegria.<br>Para o leitor, √© a palavra.<br>Para o pobre, √© o tesouro.<br>Para o devedor, √© o perd√£o.<br><br>Para mim, Ele √© TUDO!",0.0,2024-07-19T03:15:47Z,1,toxic
DJNZza61z1U,@JoseAlves-us3kp,ü§£ indo para o c√©u brincar l√° desgra√ßado bom,0.0,2024-07-15T03:40:12Z,1,not_toxic
DJNZza61z1U,@FraceliErnestodelima,Fala por que o cara n√£o acelerou que burro,0.0,2024-07-14T19:32:43Z,1,toxic
DJNZza61z1U,@AndreiacfCristina,O que est√° dirigindo v*<b>***********</b> vagabundo,0.0,2024-07-14T15:51:19Z,1,toxic
DJNZza61z1U,@ALEX-s8w2z,O cara partiu-lhe a perna de  certeza e tem um amigo est√∫pido mas tamb√©m quem lhe mandou bater no outro que lhe bateu,0.0,2024-07-14T10:00:47Z,1,toxic
DJNZza61z1U,@AnaMaria-i7o7b,Traidor kkkkkkküòÇ,0.0,2024-07-13T11:16:32Z,1,not_toxic
DJNZza61z1U,@LuanHenrique-gs8yb,E o corno e burro ao mesmo tempo üòÇüòÇüòÇ,0.0,2024-07-12T22:32:56Z,1,not_toxic
DJNZza61z1U,@yannpompom,P esse cara ele √© burro po,0.0,2024-07-12T19:50:49Z,1,toxic
DJNZza61z1U,@Pinguim974,Ot√°rio se deu mal KKKKK,0.0,2024-07-12T17:17:10Z,1,toxic
DJNZza61z1U,@joaoluca736,Vagabundo por bateu no Rezende,0.0,2024-07-12T00:15:22Z,1,toxic
DJNZza61z1U,@marcialopes5869,√î desgra√ßada era para correr porque a gente n√£o ser Pegado nossa vagabunda,0.0,2024-07-11T23:04:06Z,1,toxic
DJNZza61z1U,@cremildestavares5528,O bicho n√£o deveria fazer isso mas o bicho √© muito burro muito burro mesmo mesmo mesmo mesmo mesmo mesmo e,0.0,2024-07-10T21:54:45Z,1,toxic
DJNZza61z1U,@mentiras657,ele foi burro s√≥ te fechado as janelas,0.0,2024-07-10T16:30:53Z,1,toxic
DJNZza61z1U,@cristinadelbosco1362,Hahaha que burro,0.0,2024-07-09T22:48:06Z,1,not_toxic
DJNZza61z1U,@Cortesmag,Puta q p√°***üòÖüò¢üòÇüòÇüòÇüòÇ,0.0,2024-07-09T22:40:31Z,1,toxic
DJNZza61z1U,@EnzoPereira-gq6pc,Que bicho miser√°vel,0.0,2024-07-09T00:12:02Z,1,not_toxic
DJNZza61z1U,@MarinaLimeira-qv5ey,Era s√≥ abaixar o vidro seu burro,0.0,2024-07-08T23:52:21Z,1,toxic
DJNZza61z1U,@clashcomcaua658,Seus burro ele t√° pisando no ch√£o e n√£o no rezende e montagem,0.0,2024-07-08T01:38:24Z,1,toxic
DJNZza61z1U,@PedroRavy-lx5oq,Para de imitar o mrbeast porra viado,0.0,2024-07-03T19:31:27Z,1,toxic
Kjp3pXMZfF8,@Katiau.exe77,Se eu fosse o zaza eu nem ligava mais pra essa babaca ü•± falo mesmo!,0.0,2024-07-12T02:28:39Z,1,toxic
Kjp3pXMZfF8,@rafaelcicerodacunha,Fora gi vagabunda Zanella merece respeito,1.0,2024-07-12T00:59:58Z,1,toxic
Kjp3pXMZfF8,@pedronascimentoamado230,Essa gi √© muito babaca,0.0,2024-07-11T22:13:00Z,1,toxic
Kjp3pXMZfF8,@luanapereira5314,menina nojenta essa Gi,1.0,2024-07-11T16:27:14Z,1,not_toxic
Kjp3pXMZfF8,@waltergourgel3802,Zanellaa esquece essa burra,0.0,2024-07-11T16:14:54Z,1,not_toxic
Kjp3pXMZfF8,@waltergourgel3802,Essa √© muito burra,0.0,2024-07-11T16:14:34Z,1,not_toxic
Kjp3pXMZfF8,@MariaSantos-qu4tx,Aff cara essa menina √© muito nojenta ela fica com meio mundo em festa e n quis dar um salinha da pessoa que gosta dele de vrdd,0.0,2024-07-11T14:32:54Z,1,toxic
SZqT-ctRSec,@LucasEduardodeLimaMoysesMoyses,Ela √© muito ot√°ria essa gi,1.0,2024-10-09T21:24:21Z,1,toxic
SZqT-ctRSec,@RafaelMarcelo-g4v,"A Gi est√° agindo igual uma piranha recalcada !!! üò¢ Pelo amor de Deus vei cresce ...  Mlq nunca te respeitou, agora vai ficar a√≠ igual uma cadelinha se lamentando! Pqp t√° podre isso !!",2.0,2024-10-09T17:16:38Z,1,toxic
SZqT-ctRSec,@ElenildoSouza-h2z,Voc√™ n√£o ganha Zener babaca,1.0,2024-10-09T16:37:39Z,1,toxic
SZqT-ctRSec,@Mila_santosvlog,N superou mds postando aquele v√≠deo est√∫pido,0.0,2024-10-09T15:28:00Z,1,toxic
SZqT-ctRSec,@mendoncadigital,"a Gi ja ta parecendo a Gabi s√≥ pisando na bola depois vai ficar sozinha se arrependendo e s√≥ vai encontrar vagabundo vai ver kkk<a href=""UCkszU2WH9gy1mb0dV-11UJg/xsIfY4OqCd2T29sP54iAsAw""></a><a href=""UCkszU2WH9gy1mb0dV-11UJg/xsIfY4OqCd2T29sP54iAsAw""></a><a href=""UCkszU2WH9gy1mb0dV-11UJg/xsIfY4OqCd2T29sP54iAsAw""></a> os caras tem que pensar 10 vezes antes de querer namorar uma menina dessa turma <a href=""UCkszU2WH9gy1mb0dV-11UJg/xsIfY4OqCd2T29sP54iAsAw""></a><a href=""UCkszU2WH9gy1mb0dV-11UJg/xsIfY4OqCd2T29sP54iAsAw""></a><a href=""UCkszU2WH9gy1mb0dV-11UJg/xsIfY4OqCd2T29sP54iAsAw""></a> e a Gi se o pessoal √© inteligente ela usou ou tentou usar o video do pedro pra mandar recado pro zanella s√≥ pode, que ela nao superou ele. ta evidente isso mais ta muito errada de fazer isso nessa ocasiao, s√≥ coloca o pedro em uma posi√ßao desconfortavel ja outra vez ele quer ajudar ela sair dessa  depre faz o passeio e ela joga tudo no lixo com o comportamento dela, coitado do pedro se mete em cada uma com essa cambada kkkk<a href=""UCkszU2WH9gy1mb0dV-11UJg/xsIfY4OqCd2T29sP54iAsAw""></a><a href=""UCkszU2WH9gy1mb0dV-11UJg/xsIfY4OqCd2T29sP54iAsAw""></a>",0.0,2024-10-09T14:33:13Z,1,toxic
NDCkMcNJFt0,@kauanesilvaa17,ai essa menina √© t√£o nojenta kkkkk affff boba,0.0,2024-07-14T17:17:34Z,1,toxic
NDCkMcNJFt0,@guilhermeabravanel9,"Zanella √© burro em vez come√ßa a ignorar gi tmb , varias mina mais gata que ela ai e ele fica se humilhando",0.0,2024-07-13T13:56:45Z,1,toxic
NDCkMcNJFt0,@douglasalvz,"Est√° muito massa ver o Ian e a Gabi juntos, desculpa gabi pelas criticas um tempo atr√°s quando vc &quot;humilhou o nosso calvo&quot; kkkkkkkk",11.0,2024-07-12T17:28:27Z,1,toxic
NDCkMcNJFt0,@douglasalvz,"HUMILHA√á√ÉO DA DESGRA√áA! KKKKKKK √â por isso que eu n√£o corro atr√°s de menina nenhuma, nem fico me fazendo de cachorro pra menina dif√≠cil, se quiser venha at√© mim, pq n √© s√≥ assim n &quot;ah a hora q eu quiser ficar com ele eu fico&quot; o homem tem q parar de ser burro e se valorizar tbm iguais essas meninas fazem.",1.0,2024-07-12T17:12:36Z,1,toxic
NDCkMcNJFt0,@nayramendes8054,Zanella tu e burro  essa doida s√≥ te desprezando tu larga de se besta deixa ela pra l√°,1.0,2024-07-12T16:25:01Z,1,toxic
NDCkMcNJFt0,@francykasper7243,Tem que tira Essa GI MUITO nojenta ta estragando os vidio,2.0,2024-07-12T16:03:39Z,1,toxic
NDCkMcNJFt0,@luanAzevedoferreiradaSil-st3sc,Muito burro este Zanellaü§¶ü§¶ü§¶,0.0,2024-07-12T14:18:54Z,1,not_toxic
NDCkMcNJFt0,@Gustavo13h,Opa Pedro o zanella √© muito burro chegar na gi m√≥ marrento manda ele para com isso e chegar na menina dboa,0.0,2024-07-12T14:02:49Z,1,toxic
bKY_IGIBMQY,@Lucasefdvxv,Ela √© burra,0.0,2024-12-11T03:34:39Z,1,not_toxic
bKY_IGIBMQY,@HugoHenrique-q9q,Vini vagabundo,0.0,2024-10-25T13:33:54Z,1,toxic
bKY_IGIBMQY,@ZANELLAX_OFC,O vini √© cria <br>N√≥s crias n√£o tem um relacionamento q a gnt n√£o traiu <br>Entendam gi √© corna assim como todas as mulheres q se envolvem com n√≥s crias <br>Eu concordo com o vini trair a gi,0.0,2024-10-25T01:28:55Z,1,toxic
bKY_IGIBMQY,@pulgalora3596,Depois √© o Zanella que √© um babaca,0.0,2024-10-24T20:50:48Z,1,toxic
bKY_IGIBMQY,@lucasaparecidodeoliveiraol467,Essa Giovanna √© corna mesma kkk af,0.0,2024-10-24T18:23:51Z,1,toxic
bKY_IGIBMQY,@ph7kzin,CORNA KKKKKK,0.0,2024-10-24T18:07:51Z,1,toxic
bKY_IGIBMQY,@lucasaparecidodeoliveiraol467,GI corna kkkk,0.0,2024-10-24T17:59:23Z,1,toxic
bKY_IGIBMQY,@raulitoxavieri7512,Eu sinto d√≥ da Gi uma menina t√£o doce e bonita fica quebrando o cora√ß√£o por causa de macho poxa Gi da valor a quem te dar esse Vini √© um traidor logo agr q eu tava gostando eleüò†üòï‚ù§,0.0,2024-10-24T16:41:38Z,1,toxic
bKY_IGIBMQY,@MariaMadalena-nv7pf,A Gi foi corna duas vezes,0.0,2024-10-24T14:51:18Z,1,toxic
_sHMAG-eKg8,@Bronklens,o ian e calvo com 23... kkkkkkkkkkkkkkkkkkkkkkkkkk,0.0,2024-08-22T13:50:27Z,1,toxic
_sHMAG-eKg8,@marcosrobertorodrigues2743,"O CALVO complica e muito. Fecha essa boca, ningu√©m pediu a sua opini√£o.",0.0,2024-08-21T22:32:54Z,1,toxic
_sHMAG-eKg8,@LeonardoBatista-iz2mn,O  Ian com 23  anos j√° √© calvo  ksks slk üòÇüòÇ,1.0,2024-08-21T18:00:41Z,1,toxic
_sHMAG-eKg8,@davigoncalo2390,"Caraca o careca vacil√£o eh calvo mesmo e eu nem sabia vai no minuto <a href=""https://www.youtube.com/watch?v=_sHMAG-eKg8&amp;t=439"">7:19</a>",2.0,2024-08-21T16:51:48Z,1,not_toxic
_sHMAG-eKg8,@dentedeleite4266,O Ian agiu que nem um babacaüòÆ,1.0,2024-08-21T16:29:28Z,1,not_toxic
_sHMAG-eKg8,@MarcellaVicente-v4l,ZA perdoa o Calvo,1.0,2024-08-21T14:27:49Z,1,toxic
