video_id,author,comment_text,like_count,published_at
C7rKFo50PK8,@AnaLuiza-z8j3y,Miguer meigağŸ˜‚ğŸ˜‚ğŸ˜‚ğŸ˜‚ğŸ˜‚,0,2025-07-15T00:02:35Z
C7rKFo50PK8,@ThainaraLourenco-kj1ky,â¤ğŸ˜®ğŸ˜ŠğŸ‰ğŸ‰ğŸ‰ğŸ‰ğŸ‰ğŸ‰ğŸ‰ğŸ‰ğŸ‰ğŸ‰ğŸ‰ğŸ‰ğŸ‰ğŸ‰ğŸ‰ğŸ‰ğŸ‰ğŸ‰ğŸ‰ğŸ‰ğŸ‰ğŸ‰ğŸ‰ğŸ‰ğŸ˜¢ğŸ˜¢ğŸ˜¢ğŸ˜¢ğŸ˜¢ğŸ˜¢ğŸ˜®ğŸ˜®ğŸ˜®ğŸ˜®ğŸ˜…ğŸ˜…ğŸ˜ŠğŸ˜ŠğŸ˜ŠğŸ˜ŠğŸ˜Šâ¤â¤â¤â¤â¤,1,2025-07-10T13:49:25Z
C7rKFo50PK8,@F2D26-VALENTINAHSIACHU,Isso nÃ£o Ã© bobbie goods,1,2025-07-08T18:05:37Z
C7rKFo50PK8,@F2D26-VALENTINAHSIACHU,Isso nÃ£o Ã© bobbie goods,1,2025-07-08T18:05:29Z
C7rKFo50PK8,@HelloÃ¡DaSilva-j2x,"<a href=""https://www.youtube.com/watch?v=C7rKFo50PK8&amp;t=769"">12:49</a> {.,.}<br>           / (.  )\<br>             /. \<br>              &lt;.I &gt;",1,2025-07-07T01:37:58Z
C7rKFo50PK8,@AlanFernandes-r8c,Kkkkkkkkkkkkkkkkkkkkkkkkkkkkkkkkkkkkkkkkkkkkkkkkkkkkkkkkkkkkkkkkkkkkkk,1,2025-07-06T20:21:39Z
C7rKFo50PK8,@AlanFernandes-r8c,Aninha eu queria tanto ir para o seu show,1,2025-07-06T20:20:29Z
C7rKFo50PK8,@kilmaraaraujo6538,Aninha ganhou,2,2025-07-06T17:09:17Z
C7rKFo50PK8,@kilmaraaraujo6538,Meu Deus,2,2025-07-06T17:07:11Z
C7rKFo50PK8,@kilmaraaraujo6538,Top,1,2025-07-06T17:01:56Z
C7rKFo50PK8,@meryalves6773,Bobi guds,1,2025-07-04T12:07:23Z
C7rKFo50PK8,@BenjaAlves-un5sl,"Mighty? <a href=""https://www.youtube.com/watch?v=C7rKFo50PK8&amp;t=578"">9:38</a>",1,2025-07-04T03:26:41Z
C7rKFo50PK8,@BeneditaAndrade-b8d,Aninha  vocÃª  sabia   que eu  tenho 4 bobbie Goods,1,2025-07-02T11:34:00Z
C7rKFo50PK8,@MaryleneSilva-m6x6v,ğŸ˜ŠğŸ˜ŠğŸ˜ŠğŸ˜ŠğŸ˜ŠğŸ˜ŠğŸ˜ŠğŸ˜‚ğŸ˜‚ğŸ˜‚ğŸ˜‚ğŸ˜‚ğŸ˜‚â¤â¤â¤â¤â¤â¤â¤â¤â¤â¤â¤â¤â¤,1,2025-07-01T00:18:30Z
C7rKFo50PK8,@KeilaRegina-f5q,Na primeira quem era pra ganhar era aninha   nÃ£o    clara ğŸ‘,1,2025-06-29T21:44:06Z
C7rKFo50PK8,@TiagoDeJesus-p3i,NÃ£o valeu o Biel deu o ponto pra Clarissa,1,2025-06-27T10:42:47Z
C7rKFo50PK8,@Jurandir-c8q9d,Muitos dias os caras que vocÃª demite ele de ser seu amigo eu nÃ£o quero ele mais essas vÃ­timas tÃ¡ se vocÃª parar de fazer vÃ­deo com ele eu volto a te seguir porque senÃ£o eu paro de seguir eu te segui todos os seus vÃ­deos vocÃª Ã© muito injusto vocÃª ganhou ela ganhou e ponto o ponto nÃ£o foi pra cÃ¡ pra a menina Del que eu esqueci o nome ah cara vou chamar de clara ent,1,2025-06-25T18:27:22Z
C7rKFo50PK8,@chamafelix,VocÃª sabe que fala mau de deus e deixa mente podre,1,2025-06-25T00:51:14Z
C7rKFo50PK8,@RetoxJesucristo-i2w,Oi anninha<br> <br>ğŸ˜¢,1,2025-06-24T22:40:00Z
C7rKFo50PK8,@madyleitte8008,Esse moÃ§o tÃ¡ muito errado porque a menina que foi do trabalho do personagem do baby shark o vovÃ´ e era para ser um paralelo e alugou um homem nÃ£o pode eu achei que um dia podia ganhar ğŸ˜’,1,2025-06-24T00:45:36Z
C7rKFo50PK8,@ElianeSobreira-i4g,NÃ£o valeu Au au au uou,1,2025-06-24T00:15:25Z
C7rKFo50PK8,@sarahsoares4379,ğŸ˜±ğŸ˜±,1,2025-06-24T00:05:01Z
C7rKFo50PK8,@astrokeoff,Amei aninhaâ¤,1,2025-06-23T15:08:02Z
C7rKFo50PK8,@marlizetrindadedarosa7817,TÃ¡ estranho o detector de metalğŸ˜‚â¤,1,2025-06-23T02:26:09Z
C7rKFo50PK8,@LorenaOliveira-d1d,NÃ£o Ã© uma fofu ela bombou chegouNÃ£o Ã© uma fofu ela Ã© uma boboğŸ˜…,1,2025-06-22T22:16:45Z
C7rKFo50PK8,@ArthurPrenholato,Que lindo,1,2025-06-22T17:54:33Z
C7rKFo50PK8,@babycrish8672,Oxi cÃª endoidou? O Bobbie goods O_O,1,2025-06-22T14:44:53Z
C7rKFo50PK8,@BÃ¡rbaraTieliCruzdaSilva,X.,1,2025-06-22T04:08:43Z
C7rKFo50PK8,@arthuruan_game,O tubarÃ£o do comeÃ§o do vÃ­deo que era passar outra outra nÃ£o tem nenhum tÃªnis da Nike e ainda usa Ã³culos e tem um bigode,1,2025-06-22T02:18:09Z
C7rKFo50PK8,@AllanaCristtyna,Foi indo embora eu te amo e,1,2025-06-21T22:11:56Z
C7rKFo50PK8,@RyanAntÃ´nio-g4l,A aninha  falando ğŸ‘„ lafufu ğŸ˜‚ğŸ˜‚ğŸ˜‚,1,2025-06-21T21:37:59Z
C7rKFo50PK8,@robertoguerra5502,Kkkkkkkkkkkkk chato nÃ£o gostei faz vÃ­deo melhor,0,2025-06-21T21:33:39Z
C7rKFo50PK8,@robertoguerra5502,Se for Barbie quanto do cavaleir,1,2025-06-21T21:32:40Z
C7rKFo50PK8,@JulianaFerreira-qr6ox,â¤â¤,1,2025-06-21T20:54:44Z
C7rKFo50PK8,@SineiaDias-hf7ps,Que legal o Bob goods  de   brain  rootsğŸ˜ŠğŸ‰â¤,2,2025-06-21T18:51:35Z
C7rKFo50PK8,@saulocosta9148,Kezeâ¤ğŸ‰,1,2025-06-21T16:48:04Z
C7rKFo50PK8,@alinessoares14,Eu tenho um bobbie  goods,1,2025-06-21T13:39:59Z
C7rKFo50PK8,@andersonfranca9804,Oiâ¤Arthur ğŸ˜Š,1,2025-06-21T01:17:48Z
C7rKFo50PK8,@SophiaRibeiro-u2u,Isso nÃ£o valeu nÃ£o era para elas fazer? Por quÃª a outra comprou,1,2025-06-20T22:11:31Z
C7rKFo50PK8,@fabiorios1975,ğŸ‰ğŸ‰â¤â¤â¤â¤,1,2025-06-20T18:35:14Z
C7rKFo50PK8,@DilmaDantas-x6g,â¤â¤omi hagenteisotaehdo,1,2025-06-20T13:18:04Z
C7rKFo50PK8,@EmillyDelima-b2z,que legal  anninhaâ¤ğŸ’–,11,2025-06-20T12:51:13Z
C7rKFo50PK8,@FREHYJGHMJM,"â€œA extraÃ§Ã£o de Ã³rgÃ£os de praticantes Ã© inaceitÃ¡vel e desumana.â€<br>Jana Lemmertz, da FranÃ§a, disse sobre a extraÃ§Ã£o forÃ§ada de Ã³rgÃ£os: &quot;Isso Ã© uma violaÃ§Ã£o dos direitos humanos. Ã‰ inaceitÃ¡vel e desumano&quot;. ApÃ³s assinar a petiÃ§Ã£o contra a extraÃ§Ã£o forÃ§ada de Ã³rgÃ£os, ela tambÃ©m quis fazer uma doaÃ§Ã£o. Mas os praticantes recusaram educadamente e explicaram que os praticantes do Falun Gong nÃ£o aceitam dinheiro.<br><br><br><br>Luciana Isaias disse que a extraÃ§Ã£o de Ã³rgÃ£os de praticantes do Falun Gong Ã© inaceitÃ¡vel e desumana<br><br>Luciana Isaias, do Brasil, disse ao assinar a petiÃ§Ã£o: â€œÃ‰ natural se opor Ã  perseguiÃ§Ã£o. Cada um tem sua crenÃ§a, e toda crenÃ§a deve ser respeitada.â€<br><br>Mulher tibetana agradece aos praticantes<br>Lama Yoga, de Kaiserslautern, veio ao estande com seus dois filhos. Ela explicou que Ã© do Tibete e ouviu dizer que tibetanos tambÃ©m sofrem com a extraÃ§Ã£o forÃ§ada de Ã³rgÃ£os. Por exemplo, algumas mulheres com dores de estÃ´mago foram submetidas a cirurgias, mas muitas vezes morreram de infecÃ§Ãµes. Mais tarde, descobriu-se que um dos rins delas estava faltando. Essas cirurgias foram realizadas por mÃ©dicos chineses. Ela e seus dois filhos assinaram a petiÃ§Ã£o. Ela agradeceu sinceramente aos praticantes por seus esforÃ§os em conscientizar sobre a brutalidade do Partido Comunista ChinÃªs.<br><br><br><br> Lama Yoga agradeceu sinceramente aos praticantes por seus esforÃ§os persistentes em aumentar a conscientizaÃ§Ã£o<br><br>Torben Becker, assistente social em SaarbrÃ¼cken, disse que jÃ¡ assinou a petiÃ§Ã£o.<br><br>Ele explicou: â€œAssino porque acredito que o Falun Gong faz parte da cultura chinesa. Mas a verdade Ã© que os direitos humanos estÃ£o sendo violados lÃ¡, e os praticantes do Falun Gong estÃ£o sofrendo perseguiÃ§Ã£o cruel. Devemos prestar atenÃ§Ã£o a isso. Ficar em silÃªncio sobre a perseguiÃ§Ã£o Ã© inaceitÃ¡vel. A cultura chinesa tem uma histÃ³ria de milhares de anos, mas, infelizmente, desde a fundaÃ§Ã£o do regime comunista chinÃªs, o povo tem sido severamente oprimidoâ€.<br><br>Duas jovens ouviram atentamente os praticantes explicarem o que Ã© o Falun Gong e sobre a perseguiÃ§Ã£o na China. Ao saÃ­rem, levaram materiais informativos. Um jovem tambÃ©m aprendeu sobre o Falun Gong e disse apoiar os esforÃ§os contra a perseguiÃ§Ã£o. Os trÃªs assinaram a petiÃ§Ã£o.<br><br><br><br>Huda Upp e Mina Ajili apoiam o fim da extraÃ§Ã£o forÃ§ada de Ã³rgÃ£os<br><br><br><br>Samuel Metz assinou a petiÃ§Ã£o e disse que apoia os esforÃ§os dos praticantes para expor a perseguiÃ§Ã£o<br><br>Enquanto uma passeata pacÃ­fica envolvendo vÃ¡rios grupos passava pelo estande de informaÃ§Ãµes, algumas pessoas se interessaram pelo Falun Dafa e aceitaram panfletos.<br><br><br><br>Os praticantes distribuem panfletos<br><br>O evento dos praticantes na PÃ¡scoa ajudou mais pessoas a aprenderem sobre a perseguiÃ§Ã£o do Partido Comunista ChinÃªs. Muitos transeuntes demonstraram simpatia e interesse pelo Falun Dafa e assinaram a petiÃ§Ã£o para proteger os direitos humanos. Os praticantes continuarÃ£o a apresentar o Falun Dafa pacificamente e a convocar mais pessoas para ajudar a acabar com a perseguiÃ§Ã£o.",1,2025-06-20T03:55:34Z
C7rKFo50PK8,@geovanasantos3364,Faltou o do Naruto eu. Tenho,2,2025-06-20T03:45:26Z
C7rKFo50PK8,@ArthurGabriel-n7o,â¤â¤â¤,2,2025-06-20T00:41:21Z
C7rKFo50PK8,@PapeleciaPersonalizados,ğŸ˜ŠğŸ˜ŠğŸ˜ŠğŸ˜ŠğŸ˜ŠğŸ˜ŠğŸ‰ğŸ‰ğŸ‰ğŸ‰â¤â¤â¤â¤,1,2025-06-19T21:02:54Z
C7rKFo50PK8,@fernandopuschrodrigues7336,â¤â¤â¤anninha,2,2025-06-19T17:35:26Z
C7rKFo50PK8,@fabiorios1975,ğŸ‰ğŸ‰ğŸ‰â¤â¤â¤,1,2025-06-19T16:57:35Z
C7rKFo50PK8,@fabiorios1975,â¤â¤ğŸ‰ğŸ‰ğŸ‰,1,2025-06-19T16:16:30Z
C7rKFo50PK8,@MariaQuitÃ©ria-n4u8m,Aninha onde arrumou isso,1,2025-06-19T14:00:03Z
C7rKFo50PK8,@JGcaramelo23456,Biel grava com o pain ğŸ‰ğŸ‰,3,2025-06-19T13:51:48Z
C7rKFo50PK8,@fabiorios1975,ğŸ‰ğŸ‰ğŸ‰â¤â¤â¤â¤,1,2025-06-19T12:40:48Z
C7rKFo50PK8,@andressabrito.heloisa,Tenho 3 Bob goodes,1,2025-06-19T11:47:25Z
C7rKFo50PK8,@xyla-y5e,Really fun watch! Sharing the love back from @JellyPink-j5o ğŸ’›,1,2025-06-19T05:09:07Z
C7rKFo50PK8,@Isabellae-fg7,Foi injustooooo,1,2025-06-19T02:45:25Z
C7rKFo50PK8,@LaraBeatriz-s8y3l,LABUBU,1,2025-06-19T02:18:19Z
C7rKFo50PK8,@Davi-g4h,Aninha eu gosto muito dos seus vÃ­deos os seus vÃ­deos sÃ£o muito bacanas junto com enaldinho seu namorado faz mais vÃ­deo de among e anjos junto com enaldinho e a elo r,10,2025-06-19T00:01:25Z
C7rKFo50PK8,@manuevinicinho,2,1,2025-06-18T21:52:54Z
C7rKFo50PK8,@LuisFelipe-h8w,Ibioteno bem na hora sÃ³ toda minha perdossi ocÃª deu o boto pra tar hein,1,2025-06-18T20:53:47Z
C7rKFo50PK8,@LuisFelipe-h8w,Diz bela de Almeida cota e babÃº eu sou saltando nota boa,1,2025-06-18T20:49:19Z
C7rKFo50PK8,@LuisFelipe-h8w,8,1,2025-06-18T20:46:00Z
C7rKFo50PK8,@LuisFelipe-h8w,Ih lÃ¡ ali sou cercada e molha E aÃ­ fronteiras e esse pode nÃ£o tem que nÃ£o falar nada,1,2025-06-18T20:45:48Z
C7rKFo50PK8,@adrianaterradarosa8319,ğŸ‰ğŸ‰ğŸ‰ğŸ‰ğŸ‰ğŸ‰ğŸ‰ğŸ˜®EmILlY Oi aninha Oi aninha o meu nome Ã© Emily vocÃª eu nÃ£o sei escrever mas eu sou muito sua fÃ£,1,2025-06-18T18:36:58Z
C7rKFo50PK8,@noeliaevangelista6485,"<a href=""http://www.youtube.com/results?search_query=%23ju"">#ju</a>",1,2025-06-18T17:56:12Z
C7rKFo50PK8,@PauloGlixinski,Aninha. vocÃª. poderia. usar. vermelho. Ã©.    verde.  dÃ¡.   marom,1,2025-06-18T16:46:40Z
C7rKFo50PK8,@MariaPaulaLourencoXavier,Eu acho que o primeiro do tum tum tum tum tum sarrur a Clarissa ganhou mas o labubu aninha ganhou o do stitch a aninha ganhou e a aninha ganhou o Bob esponja,1,2025-06-18T16:18:40Z
C7rKFo50PK8,@MariaPaulaLourencoXavier,Eu amo o stitch eu acho que a aninha ganhou,2,2025-06-18T16:16:25Z
C7rKFo50PK8,@Leninhadiaslacerda,ğŸ˜¡ğŸ˜¡ğŸ˜¡ğŸ˜¡ğŸ˜¡ğŸ˜¡ğŸ˜¡ğŸ˜¡ğŸ˜¡ğŸ˜¡ğŸ˜¡ğŸ˜¡ğŸ˜¡ğŸ˜¡ğŸ˜¡ğŸ˜¡ğŸ˜¡ğŸ˜¡ğŸ˜¡ğŸ˜¡ğŸ˜¡ğŸ˜¡ğŸ˜¡ğŸ˜¡ğŸ˜¡ğŸ˜¡ğŸ˜¡ğŸ˜¡ğŸ˜¡ğŸ˜¡ğŸ˜¡ğŸ˜¡ğŸ˜¡ğŸ˜¡ğŸ˜¡ğŸ˜¡,1,2025-06-18T13:53:51Z
C7rKFo50PK8,@ezecongonhal,Oiiiiiiiiiâ¤â¤â¤â¤â¤â¤â¤â¤â¤â¤â¤â¤â¤â¤â¤â¤â¤ğŸ’—ğŸ’—ğŸ’—ğŸ’—ğŸ’—ğŸ’—ğŸ’—ğŸ’—ğŸ’—ğŸ˜ğŸ˜ğŸ˜ğŸ¥°ğŸ˜˜ğŸ˜—,2,2025-06-18T01:29:19Z
C7rKFo50PK8,@fabiorios1975,â¤â¤â¤ğŸ‰ğŸ‰ğŸ‰ğŸ‰,1,2025-06-18T00:29:52Z
C7rKFo50PK8,@DaniloRibeirodaSilva-v9w,E lafufuğŸ˜‚,3,2025-06-18T00:28:57Z
C7rKFo50PK8,@taynanicolacidossantos7340,Porque  vc  nÃ£o  namora  mais   com  o  Enaudinho,1,2025-06-18T00:15:30Z
C7rKFo50PK8,@Enzo-np8to,Eu criei o tung tung sahur,1,2025-06-17T23:26:41Z
C7rKFo50PK8,@marielerosa3927,â¤REBECAâ¤ğŸ‰ğŸ˜Š,1,2025-06-17T23:02:46Z
C7rKFo50PK8,@MatheusWiggers,Isso Ã© um lafofÃ£o,1,2025-06-17T22:01:46Z
C7rKFo50PK8,@MatheusWiggers,Isso isso,1,2025-06-17T21:57:24Z
C7rKFo50PK8,@rodrigocarielo5078,Como ser seu membro â¤â¤â¤â¤â¤â¤â¤puro ser,1,2025-06-17T21:42:48Z
C7rKFo50PK8,@ArthurMiguelmelo,Quando eu vi o bebÃª reborn a minha mente: andando na rua batendo quem nÃ£o se move tropa ucbr chutando os bebÃª reborn,1,2025-06-17T21:35:59Z
C7rKFo50PK8,@marizemartinssantos6531,Isso Ã© um cortador de grama,1,2025-06-17T19:10:00Z
C7rKFo50PK8,@LaraEmanuelly-o3f,Ela Ã© para outra ganhando nÃ£o era jogos de Xbox bonito nesse vÃ­deo nÃ£o texto tratandoğŸ˜®ğŸ˜®,1,2025-06-17T18:54:52Z
C7rKFo50PK8,@MariaLaraPereiraSilva,Eu gostei da bailarina capuccino mas aÃ­ vocÃª lembrando esse lÃ¡ cara dela misericÃ³rdia Deus abenÃ§oe,1,2025-06-17T17:19:00Z
C7rKFo50PK8,@JaquelinefariasFerreiraFarias,Oi so sua fa  minha  dota pofavor,3,2025-06-17T16:30:29Z
C7rKFo50PK8,@davi-s5,Aninha volta com o enaldinho por favor,4,2025-06-17T16:19:24Z
C7rKFo50PK8,@veronicamedeiros2958,â¤â¤â¤â¤â¤â¤â¤ğŸ˜‚ğŸ˜‚ğŸ˜‚ğŸ˜‚ğŸ˜ŠğŸ˜ŠğŸ˜ŠğŸ˜ŠğŸ˜…ğŸ˜ŠğŸ˜ŠğŸ˜Šâ¤â¤â¤,1,2025-06-17T15:41:58Z
C7rKFo50PK8,@LÃ­viaDinizO,ğŸ˜¢ğŸ˜¢ğŸ˜¢ ğšŒğš•ğšŠğš›ğš’ğšœğ™° ğšŸğš˜ğšŒğšÌ‚ ğšŠğšŒğš‘ğš˜ğš ğšğšğš’ğš˜ ğš˜ ğš‹ğšğš‹ğšÌ‚ ğš›ğšğš‹ğš˜ğš›ğš— ğš–ğšŠğš’ğšœ ğš˜ ğššğšğš ğšŸğš˜ğšŒğšÌ‚ ğšŠğšŒğš‘ğš˜ğš ğšğšğš’ğš˜ ğšÌ ğš’ğšğšğšŠğš• ğš˜ ğš–ğšğš,3,2025-06-17T14:57:43Z
C7rKFo50PK8,@YanJulio-z5m5r,Volta com o enaldinho,2,2025-06-17T14:49:53Z
C7rKFo50PK8,@PatriciaSantos-m2u,ğŸ˜ŠğŸ˜ŠğŸ˜ŠğŸ˜ŠğŸ˜Š,2,2025-06-17T14:23:16Z
C7rKFo50PK8,@JessicqBarbosa,â¤â¤ojj,2,2025-06-17T13:58:10Z
C7rKFo50PK8,@SofiaSilva-j4l,Tem ItÃ¡lia porque ele colocou um ponto para vocÃª,3,2025-06-17T13:55:57Z
C7rKFo50PK8,@mariliasales3326,Minha mÃ£e nÃ£o deixa eu assistir essas coisas de hotğŸ˜•,2,2025-06-17T13:26:30Z
C7rKFo50PK8,@LurdesSousa-b3r,Era.  Para.  Aninha.    Ganhado ğŸ˜®,2,2025-06-17T12:01:04Z
C7rKFo50PK8,@emanueltarso-e8x,kkkkğŸ˜‚ğŸ˜‚ğŸ˜‚ğŸ˜‚kksksks,1,2025-06-17T02:29:36Z
C7rKFo50PK8,@ryanGabriel-q5d,Amzeuâ¤â¤â¤,1,2025-06-17T02:16:32Z
C7rKFo50PK8,@ryanGabriel-q5d,Amzeuâ¤â¤â¤,2,2025-06-17T02:16:32Z
C7rKFo50PK8,@ManoelFernandoSiprianoferreira,Oi anninha sou seu fÃ£ adoro seus videos muito â¤â¤â¤â¤â¤â¤â¤â¤â¤,9,2025-06-17T02:06:34Z
C7rKFo50PK8,@ManoelFernandoSiprianoferreira,AmÃ©m senhor Jesus Cristo â¤â¤â¤â¤â¤â¤â¤â¤â¤,2,2025-06-17T02:06:05Z
C7rKFo50PK8,@fabiorios1975,O vÃ­deo ficou excelente â¤â¤â¤,6,2025-06-17T01:53:48Z
C7rKFo50PK8,@fabiorios1975,ğŸ˜‚ğŸ˜‚ğŸ‰ğŸ‰ğŸ‰â¤â¤â¤,1,2025-06-17T01:53:24Z
C7rKFo50PK8,@FlaviaFrancisca-n3z,Ã” Larinha vocÃª nÃ£o acha que a caneta pode acabar falhando nÃ£o,1,2025-06-17T01:23:12Z
C7rKFo50PK8,@Lorenzzozambelo,â˜ºï¸â˜ºï¸â˜ºï¸â˜ºï¸,1,2025-06-17T00:59:49Z
C7rKFo50PK8,@SuzelinePierretoussaint-y7j,Lindo Bob esponja,1,2025-06-17T00:36:41Z
C7rKFo50PK8,@ax7miguelkkj,SÃ³ eu que reparei que o Apple watch da clarissa tÃ¡ quebrado?,2,2025-06-17T00:06:39Z
C7rKFo50PK8,@BatatoDino,Tropa de quem sabe que brainnot nao e de deus clica aqui<br>ğŸ‘‡,3,2025-06-16T23:59:32Z
C7rKFo50PK8,@Valentina-vg1ph,Foi injusto ser besta do caramba deu ponto para Clara porque a Clara Ã© chata ela Ã© muito feia velho eu prefiro a aninha e ele muito sabe qual que Ã© o nome ele Ã© muito chato Ã© isso ele tipo pagado para gravar esses vÃ­deos e ele tem que fazer isso ah nÃ£o pode nÃ£o o seu ficou mais lindo ele escolheu o seu porque ele escolheu o dele ela comemorou e ele e ele tambÃ©m nÃ£o deu conta para vocÃª,2,2025-06-16T23:50:47Z
C7rKFo50PK8,@EduardaGabrielh,ğŸ˜…ğŸ˜…ğŸ˜®ğŸ˜®ğŸ˜…,2,2025-06-16T23:40:50Z
C7rKFo50PK8,@fabiorios1975,ğŸ˜‚ğŸ˜‚ğŸ‰ğŸ‰ğŸ‰ğŸ‰,1,2025-06-16T23:31:36Z
C7rKFo50PK8,@PollianaFigueredoSantos,AA nÃ£o . Manda o Biel ser o juÃ­z ele e muito robÃ£o,3,2025-06-16T23:28:04Z
C7rKFo50PK8,@natÃ¡liaribeiro6789,Eu to amando o vÃ­deo de vocÃªs,11,2025-06-16T23:15:57Z
C7rKFo50PK8,@natÃ¡liaribeiro6789,Oi anninha diwa,2,2025-06-16T23:09:10Z
C7rKFo50PK8,@janepassig6192,Fixa â¤,1,2025-06-16T23:04:30Z
C7rKFo50PK8,@sarinhacristinaaraujocaval3746,Todos desenhos tanto da clarissa e aninha ficaram lindos,7,2025-06-16T22:53:24Z
C7rKFo50PK8,@sarinhacristinaaraujocaval3746,O biel Ã© muito engraÃ§ado kkkkk adoro kkk,5,2025-06-16T22:52:58Z
C7rKFo50PK8,@EduardaGabrielh,Gostei ğŸ‰ğŸ‰ğŸ‰ğŸ‰,8,2025-06-16T22:43:36Z
C7rKFo50PK8,@EduardaGabrielh,ğŸ˜…ğŸ˜…ğŸ˜…ğŸ˜…ğŸ˜…ğŸ˜…,2,2025-06-16T22:42:09Z
C7rKFo50PK8,@EduardaGabrielh,ğŸ˜…ğŸ˜…ğŸ˜…ğŸ˜…,1,2025-06-16T22:42:00Z
C7rKFo50PK8,@EduardaGabrielh,Beil,2,2025-06-16T22:40:52Z
C7rKFo50PK8,@EduardaGabrielh,Biel ğŸ˜…ğŸ˜…ğŸ˜…ğŸ˜…ğŸ˜…,2,2025-06-16T22:40:30Z
C7rKFo50PK8,@EduardaGabrielh,ğŸ˜…ğŸ˜…ğŸ˜…,1,2025-06-16T22:40:14Z
C7rKFo50PK8,@EduardaGabrielh,ğŸ˜…ğŸ˜…ğŸ˜…,2,2025-06-16T22:40:05Z
C7rKFo50PK8,@EduardaGabrielh,Amei,1,2025-06-16T22:38:11Z
C7rKFo50PK8,@akladesouzo9487,Sarur,1,2025-06-16T22:36:29Z
C7rKFo50PK8,@LucasNery-i4q3x,â¤,1,2025-06-16T22:21:49Z
C7rKFo50PK8,@fabiorios1975,ğŸ‰ğŸ‰ğŸ‰â¤â¤â¤â¤,1,2025-06-16T22:20:51Z
C7rKFo50PK8,@AntonioFranciscodasilvafil-p4t,Oi aninha passa a noite na casa do enaldinho pra ver o que ele faz quando tÃ¡ sozinho,12,2025-06-16T22:15:53Z
C7rKFo50PK8,@julianaklunk8777,Sou muito sua fÃ£ e do seu namorado,2,2025-06-16T22:15:46Z
C7rKFo50PK8,@bobbie_goods-p8,Oii anninha â¤â¤ me nota por favor â¤â¤,24,2025-06-16T22:14:17Z
C7rKFo50PK8,@verdammtnochmal401,a anninha fica linda com luvas,3,2025-06-16T22:07:19Z
C7rKFo50PK8,@MarllonFelipe-q9t,Aninha â¤â¤â¤â¤â¤â¤â¤â¤â¤ Deus abenÃ§oe jesus Cristo tambÃ©m poderosamente viu ğŸ‰ğŸ‰ğŸ‰ğŸ‰ğŸ‰ğŸ‰,24,2025-06-16T22:04:45Z
C7rKFo50PK8,@MamuelaCristina,Oiiâ¤,4,2025-06-16T22:02:41Z
C7rKFo50PK8,@Qrcode6,Kk b,1,2025-06-16T22:01:54Z
C7rKFo50PK8,@Rafinhadopapai,Ta de noite Ã© lÃ¡ ta de manhÃ£,2,2025-06-16T22:01:48Z
C7rKFo50PK8,@KeyteAzevedo,PRIMEIRO FIXA,4,2025-06-16T22:01:46Z
C7rKFo50PK8,@LavÃ­niaSousa-k5v,Cedo notaaaaaaaa,1,2025-06-16T22:01:17Z
C7rKFo50PK8,@cledersonfidencioprates7760,Oi sou a primeira,1,2025-06-16T22:01:17Z
C7rKFo50PK8,@232_oficial,PRIMEIRO ME FIXA,2,2025-06-16T22:01:01Z
DzkMLuO8biE,@GINACARDOSODEOLIVEIRACHAVES,vocÃª Ã© amiga dela?!,0,2025-07-13T21:42:27Z
DzkMLuO8biE,@Miguelbritoserafim,Eu nÃ£o tÃ´ assistindo esse vÃ­deo eu tÃ´ pintando Bob Gods com mesmo personagem que tem,0,2025-07-08T12:19:21Z
DzkMLuO8biE,@MSilva-h1r,Aninha vocÃª ci se parou do enaldinho,1,2025-07-04T21:42:49Z
DzkMLuO8biE,@cristianoclink,A clarissa  usou  o preto,2,2025-07-02T04:35:49Z
DzkMLuO8biE,@Lunnavitoria-q6m,Aninha Sou sua fÃ£ gostei muito do seu desenho que pena que vocÃª perdeu,1,2025-07-02T01:16:39Z
DzkMLuO8biE,@lucassfÃ£doenaldinho,Boa noite anninha â¤,2,2025-07-01T20:14:09Z
DzkMLuO8biE,@ThalesDavi-i5q,Fiquei triste porque vc e o enaldinho terminaramğŸ˜¢ğŸ˜¢ğŸ˜¢ğŸ˜¢ğŸ˜¢ğŸ˜¢ğŸ˜¢ğŸ˜¢ğŸ˜¢ğŸ˜¢ğŸ˜¢ğŸ˜¢,1,2025-07-01T16:05:41Z
DzkMLuO8biE,@Alicebernardes-k2d,ğŸ˜Š,1,2025-06-28T19:54:18Z
DzkMLuO8biE,@RyanSoares-j2e,O relÃ³gio da Clarissa tÃ¡ inteiro tÃ¡ intacto,1,2025-06-27T12:16:53Z
DzkMLuO8biE,@TiagoDeJesus-p3i,NÃ£o o Biel e muito chato,1,2025-06-27T10:56:45Z
DzkMLuO8biE,@TiagoDeJesus-p3i,Aninha ela ganhou em todas para mim,1,2025-06-27T10:49:27Z
DzkMLuO8biE,@JoseCarlos-eu7pc,Eu tÃ´ brincando mulher,1,2025-06-25T15:51:47Z
DzkMLuO8biE,@julianalima8784,ğŸ˜Š Yasmin sempre vocÃª arrasa pai vencedora namorada a coroa bananinha porque ela Ã© vencedora essa sua mÃºsica de funk vencedoraâ¤â¤â¤â¤â¤â¤â¤ğŸ‘‘ğŸ‘‘ğŸ‘‘ğŸ‘‘ğŸ’ğŸ’ğŸ’ğŸ‘‘,1,2025-06-24T23:21:46Z
DzkMLuO8biE,@julianalima8784,E essa menina ganhou bate na cara dela menina Ana Clara Daiane Aparecida Claraâ¤â¤â¤â¤â¤â¤ğŸ˜‚ğŸ˜‚ğŸ˜‚ğŸ˜‚ğŸ˜‚ğŸ˜‚ğŸ˜‚ğŸ˜‚,1,2025-06-24T23:18:26Z
DzkMLuO8biE,@julianalima8784,Ah nÃ£o essa Clara aÃ­ sua amiga vai ganhar essa pia nÃ£o vai vai perder ğŸ¤¬ğŸ¤¬ğŸ¤¬ğŸ¤¬ğŸ¤¬ğŸ¤¬ğŸ¤¬ nÃ£o Ã© cowboy eu acordo,1,2025-06-24T23:17:33Z
DzkMLuO8biE,@SteffanySantos-f2z,"A cla tÃ¡ usando o  preto <a href=""https://www.youtube.com/watch?v=DzkMLuO8biE&amp;t=455"">7:35</a>",1,2025-06-24T01:40:59Z
DzkMLuO8biE,@samuel-kn8xf,Completamente aninha vai ganhar eu sou muito fÃ£ de vocÃªs parabÃ©nsğŸ‰â¤ğŸ˜‚ğŸ˜ŠğŸµï¸ğŸ©·ğŸ˜˜,1,2025-06-24T01:33:15Z
DzkMLuO8biE,@gabrielferreiradasilva123Silva,Ã‰ vdd a aninha Ã© muito melhor â¤,2,2025-06-23T01:36:41Z
DzkMLuO8biE,@EdivaniaCutrim,ğŸ˜¡ğŸ˜¡ğŸ˜¡ğŸ˜¡ğŸ˜¡ğŸ˜¡ğŸ˜¡ğŸ˜¡ğŸ˜¡ğŸ˜¡ğŸ˜¡ğŸ˜¡,1,2025-06-22T23:53:29Z
DzkMLuO8biE,@IaneBarbosa,EntÃ£o eu quero um desafio quem beija mais melhor,1,2025-06-21T17:09:09Z
DzkMLuO8biE,@LaianeNascimento-o4e,Biel seu lado f*<b>*********</b>,1,2025-06-20T21:37:52Z
DzkMLuO8biE,@felipeaccioly9444,ğŸ˜¢ğŸ˜¢ğŸ˜¢ğŸ˜¢ğŸ˜¢oDIEI,0,2025-06-20T17:10:23Z
DzkMLuO8biE,@EmillyDelima-b2z,bom dia amiga â¤ğŸ‰ oi anjinha â¤ğŸ˜Š,3,2025-06-20T12:53:08Z
DzkMLuO8biE,@sandrapereira5792,Eu tÃ´ bem sou seu fÃ£,1,2025-06-19T14:47:50Z
DzkMLuO8biE,@odetesotelo1715,E se  vÃ­deo  merece  meu  comentÃ¡rio.A    Aninha merecia  muito  ganhar  o desafio,4,2025-06-18T18:11:58Z
DzkMLuO8biE,@RobertaVitÃ³riaPellizzaro,. Entrar na minha piscina e aquela outra menina ligar usando o,1,2025-06-18T17:16:33Z
DzkMLuO8biE,@Jonatas-s5f,Eu odeeeio essa porcaria de bobgood ğŸ˜¤ğŸ˜¤ğŸ¤¢ğŸ¤®ğŸ¤¢ğŸ¤¢ğŸ¤®ğŸ˜ ğŸ˜¡ğŸ˜ ğŸ˜ ğŸ¤®ğŸ¤¢ğŸ¤¢ğŸ¤®ğŸ¤®ğŸ¤®,1,2025-06-18T13:04:33Z
DzkMLuO8biE,@jhonatanmoreira-9992,Jhomotoa ğŸ‘ğŸ‘ğŸ‘ğŸ‘ğŸ‘ğŸ‘ğŸ‘,1,2025-06-17T22:54:02Z
DzkMLuO8biE,@LeonardoSantos-dk5zf,Muito bonito legal eu vou deixar,1,2025-06-17T00:51:47Z
DzkMLuO8biE,@30KALEBm,"O ANINHA MEDA UM. CO RA Ã‡AO <a href=""https://www.youtube.com/watch?v=DzkMLuO8biE&amp;t=587"">9:47</a> PFVR <a href=""https://www.youtube.com/watch?v=DzkMLuO8biE&amp;t=592"">9:52</a>",2,2025-06-15T18:45:51Z
DzkMLuO8biE,@30KALEBm,O BIEL ELA TAVA USANDO O PRETO,2,2025-06-15T18:43:10Z
DzkMLuO8biE,@jessicafrancine9860,Clarissa venceu ela Ã© muito boa eu amei essas trÃªs cores o da aninha nem ficou tÃ£o legal eu odiei amiga desculpa mas o dela tÃ¡ muito mais bonita,2,2025-06-15T17:37:56Z
DzkMLuO8biE,@JuscileidedeAlmeidade,â¤â¤â¤â¤â¤â¤â¤â¤â¤,2,2025-06-15T16:07:31Z
DzkMLuO8biE,@MarianaSouza-n4n,Oi Ana minha princesa Oi â¤ï¸ğŸ˜š amorâ¤,1,2025-06-14T19:59:26Z
DzkMLuO8biE,@MarianaSouza-n4n,Oi princesa bom dia ğŸ¤©ğŸ˜˜â¤â¤â¤â¤â¤â¤â¤â¤â¤â¤â¤â¤â¤â¤â¤â¤â¤â¤â¤â¤â¤â¤â¤,6,2025-06-14T19:58:50Z
DzkMLuO8biE,@KID-i6v,aninha porqeu vc ter minou com o enaldinhoğŸ˜¢,1,2025-06-14T02:33:37Z
DzkMLuO8biE,@danimainardi,Eu estou aqui em casa com meu,2,2025-06-14T00:56:18Z
DzkMLuO8biE,@MariaAparecidaDasilvalemes,A Aninha Ã© muito melhor,1,2025-06-13T18:00:44Z
DzkMLuO8biE,@MariaAparecidaDasilvalemes,NÃ£o gostei dessa Clarissa,1,2025-06-13T17:59:04Z
DzkMLuO8biE,@acpboficial,Eu nÃ£o gostei da Clarice eu queria que a Alice que a Aninha ganhasseğŸ˜¢ğŸ˜¢ğŸ˜¢ğŸ˜¢ğŸ˜¢ğŸ˜¢ğŸ˜¢ğŸ˜¢ğŸ˜¢ğŸ˜¢ğŸ˜¢ğŸ˜¢ğŸ˜¢ğŸ˜¢ğŸ˜¢ğŸ˜¢ğŸ˜¢ğŸ˜¢ğŸ˜¢ğŸ˜¢ğŸ˜¢ğŸ˜¢ğŸ˜¢â¤â¤ğŸ˜ŠğŸ˜ŠğŸ˜…ğŸ˜…ğŸ˜…ğŸ˜…ğŸ˜¢ğŸ˜¢ğŸ‰,1,2025-06-13T00:26:46Z
DzkMLuO8biE,@jhonehderSQUIDGAMES3,Feio,1,2025-06-12T18:52:47Z
DzkMLuO8biE,@luizagamestv5874,Aninha venceu,1,2025-06-12T12:05:39Z
DzkMLuO8biE,@MichaeladaSilvaAlbuquerque,Aninha por que vocÃª se separou do enaldinho porque agora eu descobri que ele tÃ¡ com outra namorada,1,2025-06-11T04:05:40Z
DzkMLuO8biE,@Valentina-vg1ph,Ele Ã© muito mentiroso o Ãºltimo desenho o grandÃ£o foi a aninha que ganhou nÃ£o foi ela,1,2025-06-10T22:22:41Z
DzkMLuO8biE,@ColorindoBobbieGoodscomigo-w1u,Cade o enaldinho?,1,2025-06-10T18:01:03Z
DzkMLuO8biE,@LucasMarques-k8l,Eu nÃ£o gosto eu nÃ£o gosto da Clarissa ela Ã© muito chata e o Biel Ã© o mais ainda,2,2025-06-10T00:44:09Z
DzkMLuO8biE,@LucasMarques-k8l,O Biel aparece nÃ£o sabe nem escolher pop cuidado o da Clarissa ficou aposta,1,2025-06-10T00:39:31Z
DzkMLuO8biE,@Sagaz-f7i,Me manda um boobie goods por favor eu moro na cidade de SÃ£o Paulo SÃ£o Mateus SÃ£o Rafael rua AntÃ´nio Garcia da cunha casa 571 meu nome Ã© allan e o nome do meu pai Ã© marcos e o nome da minha mÃ£e Ã© Amanda por favor me manda ğŸ˜¢ğŸ˜¢ğŸ˜¢ğŸ“ğŸ“ğŸ˜ğŸ™ğŸ™ğŸ™ğŸ™ğŸ™,1,2025-06-09T23:38:54Z
DzkMLuO8biE,@Luzia-bv2mc,Por  que  voce ceparor com o EnaudoğŸ˜¡ğŸ˜¡ğŸ˜¡ğŸ˜¡ğŸ˜¡ğŸ˜¡ğŸ˜¡ğŸ˜¡ğŸ˜¡ğŸ˜¡,1,2025-06-09T22:02:45Z
DzkMLuO8biE,@nalmirluanacostadejesus4105,ğŸ˜® meu Deus elas nÃ£o sabem falar cachorrinho casal de cachorrosğŸ˜¢â¤,1,2025-06-09T17:10:24Z
DzkMLuO8biE,@isabelasantos8459,O da aninha era melhor a que tinha que encher essa batalha do caramba<br>Vai tomar banho  seu fdm,1,2025-06-09T02:34:55Z
DzkMLuO8biE,@leandraferreiradesouza2751,Ana,1,2025-06-09T02:31:19Z
DzkMLuO8biE,@leandraferreiradesouza2751,Bolinha em cimaâ¤,2,2025-06-09T02:24:37Z
DzkMLuO8biE,@tacianesalvadori6637,Aninha por que que a Clarissa ganhou a Larissa fez um desenho feio desse no Ãºltimo,1,2025-06-08T21:03:01Z
DzkMLuO8biE,@LourivalSilva-i9b,A clarrisa Ã© muito feia a Anninha mereceu ganhar,2,2025-06-08T18:31:33Z
DzkMLuO8biE,@LucasLucascampos-z1i,Anninha quero mais vÃ­deos novos â¤â¤â¤â¤,1,2025-06-08T12:23:58Z
DzkMLuO8biE,@AnaclarinhaalvesToledo,ğŸ˜¡ğŸ˜¡ğŸ˜¡ğŸ˜¡ğŸ˜¡ğŸ˜¡ğŸ˜¡ğŸ˜¡ğŸ¤¬ğŸ¤¬ğŸ¤¬ğŸ¤¬ğŸ¤¬,1,2025-06-08T04:23:15Z
DzkMLuO8biE,@josecarlosdeoliveira207,FoutaconenautinhoğŸ˜¢ğŸ˜Šâ¤,1,2025-06-08T01:26:55Z
DzkMLuO8biE,@ryanGabriel-q5d,Anninha,1,2025-06-08T00:21:52Z
DzkMLuO8biE,@ryanGabriel-q5d,Lindaaaa,1,2025-06-07T23:18:09Z
DzkMLuO8biE,@ryanGabriel-q5d,ğŸ‰ğŸ‰ğŸ‰ğŸ‰ğŸ‰,1,2025-06-07T23:17:44Z
DzkMLuO8biE,@ryanGabriel-q5d,ğŸ‰ğŸ‰ğŸ‰ğŸ‰,2,2025-06-07T23:17:05Z
DzkMLuO8biE,@ryanGabriel-q5d,ğŸ˜˜ğŸ˜˜ğŸ˜˜ğŸ˜˜,1,2025-06-07T23:15:44Z
DzkMLuO8biE,@ryanGabriel-q5d,â¤â¤â¤â¤,1,2025-06-07T23:15:13Z
DzkMLuO8biE,@ryanGabriel-q5d,Lundaaa,1,2025-06-07T23:15:01Z
DzkMLuO8biE,@ryanGabriel-q5d,ğŸ‰ğŸ‰ğŸ‰ğŸ‰ğŸ‰,1,2025-06-07T23:14:23Z
DzkMLuO8biE,@ryanGabriel-q5d,â¤â¤â¤,1,2025-06-07T23:13:53Z
DzkMLuO8biE,@gizelmajoanamonteiro8233,ğŸ‰,1,2025-06-07T17:39:37Z
DzkMLuO8biE,@elizabethverrochio8052,ğŸ‰â¤ğŸ‰â¤ğŸ‰â¤ğŸ‰â¤ğŸ‰â¤ğŸ‰,2,2025-06-07T01:44:36Z
DzkMLuO8biE,@jaslanasilva7229,Aninha cÃ¡de o enaldinho,1,2025-06-06T18:22:35Z
DzkMLuO8biE,@ketlen296,NÃ£o valeu ela sÃ³ com trÃªs cores,1,2025-06-06T17:05:10Z
DzkMLuO8biE,@ArthurRobainoFS,Essa filho da mae,1,2025-06-06T01:59:04Z
DzkMLuO8biE,@dilsonpintonunesgringo6041,aninha,1,2025-06-06T01:02:55Z
DzkMLuO8biE,@KaikEduardo-v6x,A. NÃ£o.   Embora,1,2025-06-06T00:27:16Z
DzkMLuO8biE,@kellyhelaine7089,Aninha nÃ£o gostei do vÃ­deo porque vocÃª nÃ£o ganhou vocÃª podia fazer vÃ­deo roubando que vocÃª tem todos porque daÃ­ vocÃª ia ganhar mais likes mas se vocÃª nÃ£o quer nÃ© tudo bem sou sua fÃ£â¤â¤â¤â¤,2,2025-06-06T00:10:24Z
DzkMLuO8biE,@KauaneFranciscotavares,Era para ser mais pequenininhoğŸ˜…,1,2025-06-05T23:52:04Z
DzkMLuO8biE,@laisagabrielly-b4r,Eu tenho Bobbie goods â¤ eu amo ele ğŸ˜Š ele e verde kk e amanhÃ£ eu vÃ´ comprar outro kkâ¤ e amarelo â¤ğŸ˜Škk,1,2025-06-05T22:40:35Z
DzkMLuO8biE,@LauraFlorentino-t3e,Para mim vocÃª ganha todas as rodadas aninhağŸ‰ğŸ‰ğŸ‰ğŸ‰,1,2025-06-05T18:33:01Z
DzkMLuO8biE,@familiagambilife216,Eu sou sua FÃ£,3,2025-06-05T01:02:37Z
DzkMLuO8biE,@OscarOrtelan-r6x,COLORIDO Ã‰ O QUE IMPORTA,0,2025-06-04T21:53:49Z
DzkMLuO8biE,@ArmandoMarime,Boa noite,1,2025-06-04T20:34:52Z
DzkMLuO8biE,@ValquÃ­riaNolascodeAndrade-q2p,ğŸ‰ğŸ‰ğŸ‰,0,2025-06-04T20:20:10Z
DzkMLuO8biE,@ValquÃ­riaNolascodeAndrade-q2p,Amei,0,2025-06-04T20:19:54Z
DzkMLuO8biE,@ValquÃ­riaNolascodeAndrade-q2p,ğŸ‰ğŸ‰ğŸ‰ğŸ‰ğŸ‰,0,2025-06-04T20:19:34Z
DzkMLuO8biE,@ValquÃ­riaNolascodeAndrade-q2p,ğŸ‰ğŸ‰ğŸ‰ğŸ‰,0,2025-06-04T20:18:52Z
DzkMLuO8biE,@ValquÃ­riaNolascodeAndrade-q2p,ğŸ‰ğŸ‰ğŸ‰ğŸ‰,0,2025-06-04T20:18:43Z
DzkMLuO8biE,@ValquÃ­riaNolascodeAndrade-q2p,â¤â¤,0,2025-06-04T20:18:28Z
DzkMLuO8biE,@ValquÃ­riaNolascodeAndrade-q2p,ğŸ‰ğŸ‰ğŸ‰ğŸ‰ğŸ‰,0,2025-06-04T20:17:45Z
DzkMLuO8biE,@ValquÃ­riaNolascodeAndrade-q2p,ğŸ‰ğŸ‰ğŸ‰ğŸ‰,0,2025-06-04T20:17:28Z
DzkMLuO8biE,@ValquÃ­riaNolascodeAndrade-q2p,ğŸ‰ğŸ‰ğŸ‰ğŸ‰,0,2025-06-04T20:17:07Z
DzkMLuO8biE,@ValquÃ­riaNolascodeAndrade-q2p,Ameii,0,2025-06-04T20:16:57Z
DzkMLuO8biE,@fabiorios1975,ğŸ‰ğŸ‰â¤â¤â¤,0,2025-06-04T17:49:35Z
DzkMLuO8biE,@dayanelisboa7242,Desenho de Bobby Guedes,0,2025-06-04T16:51:45Z
DzkMLuO8biE,@dayanelisboa7242,ğŸ‰,0,2025-06-04T16:51:35Z
DzkMLuO8biE,@AlexandreJoaquim-y9s,Anninha.sou.sua.fa,0,2025-06-03T23:55:07Z
DzkMLuO8biE,@PauloVicente-uc2nn,Sou muito sua fÃ£,0,2025-06-03T23:08:54Z
DzkMLuO8biE,@patriciaalves104,Oiii  Aninha eu tambÃ©m tenho bobbie gods,0,2025-06-03T21:45:08Z
DzkMLuO8biE,@56lua,Quem deve ganhar a Aninha que ela Ã© a dona do canal,4,2025-06-03T20:19:22Z
DzkMLuO8biE,@JuniorAlves-vd3pt,Aninha vc terminou com o enaldinho?,0,2025-06-03T15:39:21Z
DzkMLuO8biE,@matheusboaba6222,Aninha nÃ£o Ã© ursinho Ã© cachorro,0,2025-06-03T14:45:19Z
DzkMLuO8biE,@fabiorios1975,ğŸ‰ğŸ‰â¤â¤â¤,0,2025-06-03T13:58:13Z
DzkMLuO8biE,@FRONTMAN_SQUIDFFG,Segundo ğŸ¥ˆ,0,2025-06-03T13:40:37Z
DzkMLuO8biE,@EnriquephRosa,volta por enadinhoâ¤,0,2025-06-03T13:22:24Z
DzkMLuO8biE,@martinabraun8815,Aninha a outra participante na Segunda que tinha todas as garantias ela usou preto,0,2025-06-03T13:06:42Z
DzkMLuO8biE,@Maria-y5q7k,Vouta com enaldinho Anninha,0,2025-06-03T11:12:36Z
DzkMLuO8biE,@ManoelFernandoSiprianoferreira,Oi  anninha sou seu fÃ£ adoro seus videos â¤â¤â¤â¤â¤,7,2025-06-03T03:51:28Z
DzkMLuO8biE,@hugocapa20,Sou muito sua fÃ£,0,2025-06-03T02:36:13Z
DzkMLuO8biE,@LuisaPereira-tc3yl,â¤â¤,1,2025-06-03T01:17:33Z
DzkMLuO8biE,@MarciaPinto-pp5kj,Ohhhhhhhhhhh Aninha fala para o Biel que ele nÃ£o entende nada de arte okkkkk que a sua bobbie goods gigante ficou muito linda colorido da vida para o desenho e que chama mais atenÃ§Ã£o okkkkkk biel precisas estudar arte para entender o que Ã© uma arte de verdade nÃ£o Ã© qualquer pintura que Ã© uma arte.,0,2025-06-03T00:46:54Z
DzkMLuO8biE,@fabiorios1975,ğŸ˜‚ğŸ˜‚â¤â¤ğŸ‰ğŸ‰,0,2025-06-03T00:45:39Z
DzkMLuO8biE,@Aquarelaartes,"ParabÃ©ns, gosto do seu conteÃºdo, como posso retribuir vocÃª ?",2,2025-06-03T00:44:55Z
DzkMLuO8biE,@AlineSilva-uv5nq,Agora tÃ¡ viciado Bob esponja,0,2025-06-02T23:13:20Z
DzkMLuO8biE,@BB94,Me ajudem a bater os 7K sou de Curitiba,1,2025-06-02T22:52:58Z
DzkMLuO8biE,@mariadefatimasilvadequeiro3346,â¤â¤â¤â¤â¤â¤â¤â¤â¤â¤â¤â¤ameiiiii,14,2025-06-02T22:34:21Z
DzkMLuO8biE,@Gabirian-x5e,ğŸ‰ğŸ‰ğŸ‰ğŸ‰,1,2025-06-02T22:24:29Z
DzkMLuO8biE,@Gabirian-x5e,Amei,1,2025-06-02T22:24:00Z
DzkMLuO8biE,@EduardaGabrielh,ğŸ‰ğŸ‰ğŸ‰ğŸ‰,2,2025-06-02T22:22:40Z
DzkMLuO8biE,@EduardaGabrielh,ğŸ‰ğŸ‰ğŸ‰ğŸ‰,1,2025-06-02T22:21:40Z
DzkMLuO8biE,@EduardaGabrielh,ğŸ‰ğŸ‰ğŸ‰ğŸ‰,0,2025-06-02T22:21:24Z
DzkMLuO8biE,@LuizMJunior.,Te sigo desde do comeÃ§o do canal do enaldinho,2,2025-06-02T22:20:03Z
DzkMLuO8biE,@EduardaGabrielh,ğŸ‰ğŸ‰ğŸ‰ğŸ‰ğŸ‰,0,2025-06-02T22:19:30Z
DzkMLuO8biE,@EduardaGabrielh,Ameii ğŸ‰ğŸ‰,0,2025-06-02T22:19:16Z
DzkMLuO8biE,@LuizMJunior.,Anninha sou sua fÃ£,0,2025-06-02T22:19:15Z
DzkMLuO8biE,@EduardaGabrielh,Adore Adore,0,2025-06-02T22:18:22Z
DzkMLuO8biE,@EduardaGabrielh,â¤â¤â¤â¤â¤,0,2025-06-02T22:17:48Z
DzkMLuO8biE,@EduardaGabrielh,Lindaaaa,5,2025-06-02T22:17:28Z
DzkMLuO8biE,@EduardaGabrielh,Ameiii ğŸ‰ğŸ‰ğŸ‰,0,2025-06-02T22:17:08Z
DzkMLuO8biE,@EduardaGabrielh,â¤â¤â¤â¤,0,2025-06-02T22:16:52Z
DzkMLuO8biE,@EduardaGabrielh,AmeiiiğŸ‰ğŸ‰,0,2025-06-02T22:16:41Z
DzkMLuO8biE,@EduardaGabrielh,Ameiii,0,2025-06-02T22:16:26Z
DzkMLuO8biE,@EduardaGabrielh,â¤â¤â¤â¤â¤,0,2025-06-02T22:16:08Z
DzkMLuO8biE,@EduardaGabrielh,â¤â¤â¤â¤,0,2025-06-02T22:15:57Z
DzkMLuO8biE,@EduardaGabrielh,ğŸ‰ğŸ‰ğŸ‰ğŸ‰,0,2025-06-02T22:15:47Z
DzkMLuO8biE,@EduardaGabrielh,ğŸ‰ğŸ‰ğŸ‰ğŸ‰,0,2025-06-02T22:15:37Z
DzkMLuO8biE,@EduardaGabrielh,â¤â¤â¤â¤,0,2025-06-02T22:15:22Z
DzkMLuO8biE,@EduardaGabrielh,Sou sua fÃ£,0,2025-06-02T22:15:09Z
DzkMLuO8biE,@EduardaGabrielh,Ameii,0,2025-06-02T22:14:47Z
DzkMLuO8biE,@EduardaGabrielh,â¤â¤â¤,0,2025-06-02T22:14:34Z
DzkMLuO8biE,@EduardaGabrielh,Amei,0,2025-06-02T22:14:10Z
DzkMLuO8biE,@lorebespalec190,Oi Anninha 3 me fixa pvr sou mto sua fÃ£â¤,15,2025-06-02T22:05:01Z
DzkMLuO8biE,@HeitorAlmeida-p6k,Oi,1,2025-06-02T22:01:29Z
DzkMLuO8biE,@Joaozinn-zzy,Sou mt seu fÃ£ aninhaa,1,2025-06-02T22:01:25Z
DzkMLuO8biE,@Joaozinn-zzy,Primeirooo amei,5,2025-06-02T22:01:05Z
dCWcISux6xo,@mundoDaAlice1112,Meu nome Ã© Alice Ã© tenho <br>8 anos,0,2025-07-14T13:56:06Z
dCWcISux6xo,@mundoDaAlice1112,Meu nome Ã© Alice,0,2025-07-14T13:55:02Z
dCWcISux6xo,@MiguelDantas-te9ns,VocÃª Ã© personagem,0,2025-07-13T00:53:48Z
dCWcISux6xo,@MariaFernanda-r5e4p,AlguÃ©m estÃ¡ assistindo em 2025,0,2025-07-10T22:05:45Z
dCWcISux6xo,@luizaxpereira,VocÃªs viram sua bebÃª de um ano fez xixi na Anninha KKKKKğŸ˜‚ğŸ˜‚ğŸ˜‚ğŸ˜‚ğŸ˜‚ğŸ˜‚ğŸ˜‚ğŸ˜‚ğŸ˜‚ğŸ˜‚ğŸ˜‚ğŸ˜‚ğŸ˜‚ğŸ˜‚ğŸ˜‚ğŸ˜‚ğŸ˜‚ğŸ˜‚ğŸ˜‚ğŸ˜‚ğŸ˜‚ğŸ˜‚ğŸ˜‚ğŸ˜‚ğŸ˜‚ğŸ˜‚ğŸ˜‚ğŸ˜‚ğŸ˜‚ğŸ˜‚ğŸ˜‚ğŸ˜‚ğŸ˜‚ğŸ˜‚ğŸ˜‚ğŸ˜‚ ğŸ˜‚ ğŸ˜‚ ğŸ˜‚ğŸ˜‚ğŸ˜‚ğŸ˜‚ğŸ˜‚ğŸ˜‚ğŸ˜‚ğŸ˜‚ğŸ˜‚ğŸ˜‚ğŸ˜‚ğŸ˜‚ğŸ˜‚ğŸ˜‚ğŸ˜‚ğŸ˜‚ğŸ˜‚ğŸ˜‚ğŸ˜‚ğŸ˜‚ğŸ˜‚ğŸ˜‚ğŸ˜‚ğŸ˜‚ğŸ˜‚ğŸ˜‚ğŸ˜‚ğŸ˜‚ğŸ˜‚ğŸ˜‚ğŸ˜‚ğŸ˜‚ğŸ˜‚ğŸ˜‚ğŸ˜‚ğŸ˜‚ğŸ˜‚ğŸ˜‚ğŸ˜‚ğŸ˜‚ğŸ˜‚ğŸ˜‚ğŸ˜‚ğŸ˜‚ğŸ˜‚ğŸ˜‚ğŸ˜‚ğŸ˜‚ğŸ˜‚ğŸ˜‚ğŸ˜‚ğŸ˜‚ğŸ˜‚ğŸ˜‚ğŸ˜‚ğŸ˜‚ğŸ˜‚ğŸ˜‚ğŸ˜‚ğŸ˜‚ğŸ˜‚ğŸ˜‚ğŸ˜‚ğŸ˜‚ğŸ˜‚ğŸ˜‚ğŸ˜‚ğŸ˜‚ğŸ˜‚ğŸ˜‚ğŸ˜‚ğŸ˜‚ğŸ˜‚ğŸ˜‚ ğŸ˜‚,1,2025-07-04T15:36:45Z
dCWcISux6xo,@Isadoragventura,Eu tambÃ©m tenho 7 anos<br>ğŸ˜Š,1,2025-07-04T02:23:42Z
dCWcISux6xo,@hiltongomos8690,Desenho da Laura Oi meu nome Ã© Laura,1,2025-06-25T15:46:01Z
dCWcISux6xo,@marinalasmarbarbosa3811,Tenho 8 anos e vou fazer 9,1,2025-06-24T16:29:03Z
dCWcISux6xo,@CamilaLapoente,Anninha volta a namora com o enaldo ele nÃ£o para de falar isso no canal dele ele tÃ¡ muito triste ğŸ˜¢ ğŸ˜¢ğŸ˜¢ğŸ˜¢ğŸ˜¢ğŸ˜¢ğŸ˜¢ğŸ˜¢ğŸ˜¢ por favor,1,2025-06-21T22:59:43Z
dCWcISux6xo,@Haniela-e6g,Haniela 6.  Paula.  Mateus.  ğŸ‘§ğŸ¼ğŸ©·ğŸ©·ğŸ©·ğŸ©·ğŸ©·ğŸ©·ğŸ©·ğŸ©·ğŸ©·ğŸ©·,2,2025-06-21T14:40:02Z
dCWcISux6xo,@HelenaPinter-z8u,Meu nome tambÃ©m Ã© Helena ğŸ’,2,2025-06-18T16:42:20Z
dCWcISux6xo,@mariarosanecortesdasilva7781,Sofia,1,2025-06-18T13:43:36Z
dCWcISux6xo,@Helenaeva-r9l,tenho 7 anos,1,2025-06-17T21:29:15Z
dCWcISux6xo,@Helenaeva-r9l,ei meu nome  Ã© Helena i,2,2025-06-17T21:27:58Z
dCWcISux6xo,@NatanaelSRamos,I love you Aninha e as fofuras,1,2025-06-14T12:52:43Z
dCWcISux6xo,@Alice-r6y3g,Helena a minha  amiga  nÃ£o  esse da minha  sala,1,2025-06-10T22:34:31Z
dCWcISux6xo,@Alice-r6y3g,ThÃ©o e da minha  sala nÃ£o  ele,1,2025-06-10T22:33:44Z
dCWcISux6xo,@Alice-r6y3g,Mas eu tenho  quase 7 anos,1,2025-06-10T22:33:03Z
dCWcISux6xo,@Alice-r6y3g,Alice e  meu nome,1,2025-06-10T22:30:12Z
dCWcISux6xo,@tessascholls2401,Boring,1,2025-05-25T18:41:50Z
dCWcISux6xo,@janepassig6192,Ainda Quer ser meu amigo sim ou nÃ£o,1,2025-05-21T13:01:05Z
dCWcISux6xo,@Maria-y5q7k,Aninha volta com enaldo,1,2025-05-19T20:57:47Z
dCWcISux6xo,@lovers_daaninha,aninha volta com enaldinho por favor â¤,1,2025-05-18T20:07:59Z
dCWcISux6xo,@JoÃ£oVictorMartinsVieira-u2q,CadÃª  o enaldinho,2,2025-05-18T18:45:02Z
dCWcISux6xo,@MariaDeFatima-wf3qi,Aninha faz um vÃ­deo com enaldinho porfavo,1,2025-05-18T12:58:29Z
dCWcISux6xo,@josegeraldorezende9979,Hei. VÃ­deo com uma histÃ³ria perfeita. Tudo lindo. Essa bebÃª Jade linda demais. NÃ£o por ser o vovÃ´ dela kÄ·kkk,8,2025-05-17T21:54:59Z
dCWcISux6xo,@ManoelFernandoSiprianoferreira,Oi anninha sou seu fÃ£ adoro seus videos â¤â¤â¤â¤â¤â¤â¤â¤â¤â¤â¤,2,2025-05-17T03:29:20Z
dCWcISux6xo,@ryanGabriel-q5d,ğŸ‰ğŸ‰ğŸ‰ğŸ‰,1,2025-05-16T16:45:48Z
dCWcISux6xo,@ryanGabriel-q5d,Sara ğŸ˜…ğŸ˜…ğŸ˜…ğŸ˜…ğŸ˜…,2,2025-05-16T16:45:22Z
dCWcISux6xo,@ryanGabriel-q5d,Ameiâ¤â¤â¤,3,2025-05-16T16:44:32Z
dCWcISux6xo,@ryanGabriel-q5d,Ameii,1,2025-05-16T16:44:14Z
dCWcISux6xo,@ryanGabriel-q5d,â¤â¤,1,2025-05-16T16:40:49Z
dCWcISux6xo,@ryanGabriel-q5d,Lindos â¤â¤â¤â¤,4,2025-05-16T16:39:44Z
dCWcISux6xo,@ryanGabriel-q5d,ğŸ‰ğŸ‰ğŸ‰â¤â¤,3,2025-05-16T16:37:24Z
dCWcISux6xo,@ryanGabriel-q5d,â¤â¤â¤â¤,1,2025-05-16T16:36:50Z
dCWcISux6xo,@Gabirian-x5e,ğŸ‰ğŸ‰ğŸ‰ğŸ‰ğŸ‰ğŸ‰ğŸ‰ğŸ‰,2,2025-05-16T15:12:01Z
dCWcISux6xo,@Gabirian-x5e,ğŸ‰ğŸ‰ğŸ‰ğŸ‰ğŸ‰ğŸ‰ğŸ‰,2,2025-05-16T15:11:29Z
dCWcISux6xo,@Gabirian-x5e,ğŸ‰ğŸ‰ğŸ‰ğŸ‰ğŸ‰,1,2025-05-16T15:10:44Z
dCWcISux6xo,@Gabirian-x5e,ğŸ‰ğŸ‰ğŸ‰ğŸ‰ğŸ‰ğŸ‰,1,2025-05-16T15:10:26Z
dCWcISux6xo,@Gabirian-x5e,ğŸ‰ğŸ‰ğŸ‰ğŸ‰ğŸ‰ğŸ˜¢,2,2025-05-16T15:10:06Z
dCWcISux6xo,@Gabirian-x5e,ğŸ‰ğŸ‰ğŸ‰ğŸ‰ğŸ‰ğŸ‰ğŸ‰,1,2025-05-16T15:09:42Z
dCWcISux6xo,@fernandamaia8299,â¤ğŸ‰ğŸ˜Šâ¤ï¸ğŸŒ¹ğŸ’™ğŸ’—ğŸ¥°ğŸ˜˜ğŸ˜ğŸ¤©ğŸ¥³ğŸŒ¸ğŸŒº,2,2025-05-16T14:34:58Z
dCWcISux6xo,@NayaraMello-s5l8i,â¤â¤â¤â¤,1,2025-05-16T12:18:26Z
dCWcISux6xo,@gabrielaalves3273,Lindosss â¤â¤â¤,1,2025-05-16T00:01:35Z
dCWcISux6xo,@canalzack1581,"â€œ85% vai me ignoraâ€<br>â€œ15% vai me ajudarâ€ <br><br>NUNCA VOU DESISTIRğŸ˜ğŸ˜ğŸ˜ğŸ˜",7,2025-05-15T23:26:01Z
dCWcISux6xo,@fabiorios1975,Que vÃ­deo lindinhoâ¤â¤â¤,6,2025-05-15T23:08:48Z
dCWcISux6xo,@fabiorios1975,â¤â¤â¤ğŸ‰ğŸ‰ğŸ‰ğŸ‰,3,2025-05-15T23:08:31Z
dCWcISux6xo,@soniarios535,SÃ³ fofuras â¤,7,2025-05-15T22:53:19Z
dCWcISux6xo,@analillarezende5913,Uhuuuuul â¤,8,2025-05-15T22:42:07Z
dCWcISux6xo,@ArturGustavoZanetti-qo6sm,Parou de gravar com Fernandinho,2,2025-05-15T22:16:21Z
dCWcISux6xo,@yMihGamer,â¤â¤,1,2025-05-15T22:03:41Z
dCWcISux6xo,@LEONARDOOLIVEIRA-ym4hw,Primeiro,3,2025-05-15T22:02:59Z
dCWcISux6xo,@Cleidivania-s2r,Oi amor lembra de mim â¤,7,2025-05-15T22:02:58Z
dCWcISux6xo,@CarolineNunes-cd8yj,Eu vi com 57 segundos,1,2025-05-15T22:02:27Z
dCWcISux6xo,@CarolineNunes-cd8yj,Eu fui q primeira que vi esse vÃ­deo me nota,3,2025-05-15T22:02:17Z
dCWcISux6xo,@ReginaDias-z9r,â¤â¤â¤,4,2025-05-15T22:01:40Z
dCWcISux6xo,@RodrÃ­guezrodrigorodrigo12,OieğŸ˜Š,2,2025-05-15T22:01:36Z
lT6B2WKHI6A,@MaxwellDinizSantos,ğŸ¥°ğŸ’¯ğŸŒ¹,0,2025-07-15T13:19:07Z
lT6B2WKHI6A,@ValentinaSoto-s3v,Boa linha coqueira recalcada,1,2025-07-05T17:45:41Z
lT6B2WKHI6A,@kkids-z8n,Eu amo vocÃª aNinHa,1,2025-07-03T13:48:32Z
lT6B2WKHI6A,@rafaelafontes-kk8wc,melhor casa do mundo inteiro vocÃª teve muita sorte,2,2025-07-02T16:52:42Z
lT6B2WKHI6A,@Mariaflor-do7os,Eu gostei da 4,1,2025-06-24T22:42:24Z
lT6B2WKHI6A,@sara10miranda30,Casa 4,1,2025-06-23T18:16:24Z
lT6B2WKHI6A,@fabiorios1975,â¤â¤ğŸ‰ğŸ‰ğŸ‰,1,2025-06-19T12:43:14Z
lT6B2WKHI6A,@ruanff5270,O meu nome Ã© Ramon,1,2025-06-19T04:11:01Z
lT6B2WKHI6A,@joycesouza2943,Aninha vocÃª tem que se mudar para outra casa maior,1,2025-06-14T21:43:06Z
lT6B2WKHI6A,@maricleiaalves2823,E impressÃ£o minha ou a casa 2 e de um yotuber chamado EstÃªvÃ£o,1,2025-06-08T18:09:51Z
lT6B2WKHI6A,@carolinadasilvaferreira9223,4â¤,1,2025-06-08T02:48:37Z
lT6B2WKHI6A,@CassianoSantos-c5s,Essa Ã© a casa perfeita para o seu canal aninha,1,2025-06-07T13:22:53Z
lT6B2WKHI6A,@MariaAlice-l7l4m,ğŸ˜®â¤ğŸ‰ğŸ‰ğŸ‰ğŸ˜Š,1,2025-06-06T11:24:49Z
lT6B2WKHI6A,@Gavia06787,Gustavo,1,2025-05-23T21:52:49Z
lT6B2WKHI6A,@omundodameletutu,Cor do seu filho eu atÃ© assisto,1,2025-05-22T20:16:45Z
lT6B2WKHI6A,@LuizEduardo-qh9uh,"O Brasil Ã© Ã³timo se vocÃª tiver dinheiro,aliÃ¡s qualquer lugar.",2,2025-05-22T03:57:59Z
lT6B2WKHI6A,@goldmulticoisas,eu amei a casa,1,2025-05-18T23:48:18Z
lT6B2WKHI6A,@danieleortizlorentz2180,Em campos novos na rua geronimo redante 635 bairro Santa  de edvirge vocÃª vai visitar a minha casa?â¤â¤â¤â¤â¤â¤â¤â¤â¤â¤â¤â¤,2,2025-05-18T12:38:55Z
lT6B2WKHI6A,@danieleortizlorentz2180,Ã‰ em Santa Catarina,2,2025-05-18T12:26:02Z
lT6B2WKHI6A,@danieleortizlorentz2180,Venha visitar a minha casa e lÃ¡ em outro estado â¤â¤â¤,2,2025-05-18T12:25:02Z
lT6B2WKHI6A,@RenataCamilaOliveira,ENADINHOâ¤ANINHA,2,2025-05-16T23:45:22Z
lT6B2WKHI6A,@JaehrigRelÃ³gioseJogosdeXadrezl,MansÃ£o 1,1,2025-05-16T11:56:52Z
lT6B2WKHI6A,@katianabarros9540,2ğŸ˜ï¸,1,2025-05-14T19:00:44Z
lT6B2WKHI6A,@JoÃ£o14618,EU GOSTEI DA UTIMA,1,2025-05-12T02:05:29Z
lT6B2WKHI6A,@JersonCabral-q3t,Aninha porque vocÃª ğŸ«µğŸ» terminou com enaldinho,2,2025-05-09T11:00:56Z
lT6B2WKHI6A,@HazaelJosÃ©-h9q,Aninha a ai jÃ¡ tinha um cÃ£o,3,2025-05-08T17:44:09Z
lT6B2WKHI6A,@RafaelaSerrarj,Porq ela fala desse jeito? Porq nÃ£o usa a voz  natural dela? Fica muito artificial,1,2025-05-07T13:34:38Z
lT6B2WKHI6A,@vicentealexim3460,Primeira casa,1,2025-05-05T17:59:28Z
lT6B2WKHI6A,@diversaocomjoaomiguel,"Sou seu fÃ£ Aninha,â¤â¤â¤â¤",1,2025-05-05T14:34:30Z
lT6B2WKHI6A,@lucasgabriel-kv1wz,E o enadinho se terminaram volta por favor se dois junto e munto bom ai vamos faze quaquer coisa se namorar outra pessoa eu nao vou ser mais incrito e dar like pros videos,1,2025-05-05T00:23:30Z
lT6B2WKHI6A,@Max-t2h,Fernandinho,0,2025-05-04T22:49:24Z
lT6B2WKHI6A,@iClarck,@enaldinho,2,2025-05-04T08:07:00Z
lT6B2WKHI6A,@VibeComunicacao,Eu preferi mais a quarta,1,2025-05-04T02:54:42Z
lT6B2WKHI6A,@NY-NK12,eu  lamento o  teu  termino   Aninha,1,2025-05-03T17:49:34Z
lT6B2WKHI6A,@tax-y9y,Enaldinho Ã© melhorğŸ˜®â€ğŸ’¨ğŸ˜®â€ğŸ’¨ğŸ˜®â€ğŸ’¨,0,2025-05-02T23:39:23Z
lT6B2WKHI6A,@AdsonGuilhermeSilvaDeSousaSous,CadÃª  o enaldinho,0,2025-05-02T14:31:31Z
lT6B2WKHI6A,@bebellaborges2565,Eu escolheria a Ãºltima casa,0,2025-05-01T20:29:56Z
lT6B2WKHI6A,@bebellaborges2565,Porque os fÃ£s de verdade da aninha nÃ£o ligariam para a  condiÃ§Ã£o financeira da aninha,1,2025-05-01T20:21:45Z
lT6B2WKHI6A,@bebellaborges2565,Achei eles falsos,0,2025-05-01T20:20:44Z
lT6B2WKHI6A,@DaviWiezbicki-p9p,E o enaldinho,0,2025-05-01T12:28:09Z
lT6B2WKHI6A,@X4julius,Chama o enaldinho,1,2025-04-29T23:45:10Z
lT6B2WKHI6A,@BB94,Me ajudem a bater os 7K sou de Curitiba ParanÃ¡,0,2025-04-29T00:09:30Z
lT6B2WKHI6A,@MariaSousa-db2nk,Linda maravilhosa â¤â¤â¤â¤,0,2025-04-28T19:14:39Z
lT6B2WKHI6A,@Matrix_Revelada0,@enadinho ele deu ecima da anninha pra o biel dormir com ela,1,2025-04-28T17:24:06Z
lT6B2WKHI6A,@soniadias7263,MÃºsica do Ronaldinho,0,2025-04-28T15:07:33Z
lT6B2WKHI6A,@JodenesOliveira,Volta para o Ronaldinho amor Ã© para sempre e toda EntÃ£o vocÃª tem que caÃ§ar com ele,0,2025-04-28T11:20:06Z
lT6B2WKHI6A,@JulianaSiqueira-uu9br,Aninha VocÃª ainda namora com enaldinho,0,2025-04-28T00:31:30Z
lT6B2WKHI6A,@denersoares4156,VA NAMORA EU MIGUEL ALVES,0,2025-04-27T21:29:38Z
lT6B2WKHI6A,@myrellamartinsdeangra,CadÃª o enaldinho?,0,2025-04-27T18:52:24Z
lT6B2WKHI6A,@mariafarias5118,CadÃª enaldinho,0,2025-04-27T15:57:40Z
lT6B2WKHI6A,@AnnaJuliaRochadosSantos,ParabÃ©ns aninha pela nova conquista,7,2025-04-27T15:28:50Z
lT6B2WKHI6A,@leonanvoid,Aninha volta com enadinho,1,2025-04-26T09:32:10Z
lT6B2WKHI6A,@arthurwindekson,NÃ£o tÃ´ acreditando! Passei em frente sua casa! Muito linda! ParabÃ©ns!!!ğŸ˜‚ğŸ˜‚ğŸ˜‚ğŸ˜‚ğŸ˜‚,12,2025-04-25T17:38:58Z
lT6B2WKHI6A,@Allanajulia07,Vou pra casa terceira ele quer dar horaâ¤â¤â¤â¤â¤,1,2025-04-25T15:29:27Z
lT6B2WKHI6A,@JoseAlvesdealmeida-x6o,Aninha volta a namorar com o enaldinho,0,2025-04-24T15:13:28Z
lT6B2WKHI6A,@eliseuaguiar9799,aninha parabens e o enaldinho?,1,2025-04-24T03:58:42Z
lT6B2WKHI6A,@larafabia2839,Eu te amo anninhağŸ‰â¤,2,2025-04-22T01:05:35Z
lT6B2WKHI6A,@NatanaelMoreiraDias-z9g,Aninha volta para o enaldo ğŸ˜¢ğŸ˜¢ğŸ˜¢ğŸ˜¢ğŸ˜¢ğŸ˜¢ğŸ˜¢ğŸ˜¢ğŸ˜­ğŸ˜­ğŸ˜­ğŸ˜­ğŸ˜­ğŸ˜­ğŸ¥ºğŸ¥ºhaaaaaaaaaaaaaaa,2,2025-04-21T23:26:21Z
lT6B2WKHI6A,@AristeuCosta-o8j,â¤â¤â¤ğŸ˜ŠğŸ˜ŠğŸ˜Š,1,2025-04-21T23:13:06Z
lT6B2WKHI6A,@clarafigurinhadaarea7035,Amiga faz flores de papel higiÃªnico eu gosto de vocÃª vocÃª tem que ser feliz na sua vida para sempre vocÃª Ã© minha youtuber favorita te amoâ¤â¤â¤ meu nome Ã© Clara,13,2025-04-21T21:21:54Z
lT6B2WKHI6A,@pedroalvesdasilvaneto6620,ğŸ˜Š7 tenho 7 anos,1,2025-04-21T20:56:24Z
lT6B2WKHI6A,@pedroalvesdasilvaneto6620,ğŸ‰F sou sua fÃ£ nova Camilly e Sofia mora em Jardim prazeres 2,1,2025-04-21T20:54:58Z
lT6B2WKHI6A,@LuÃ­sPereira-c1g,To Ã©s namorado do enaldinho,0,2025-04-21T08:56:21Z
lT6B2WKHI6A,@BRENDOhugo99,Prefeita da Belo Horizonte ania,1,2025-04-21T04:35:56Z
lT6B2WKHI6A,@analu.tokutomi.franco,"<a href=""https://www.youtube.com/watch?v=lT6B2WKHI6A&amp;t=650"">10:50</a>   * quarto da Thamis xuxu*.       NÃ£o entendi",1,2025-04-21T01:05:47Z
lT6B2WKHI6A,@IagoRodrigues-y6x,Ela fica famosa por causa do enaldinho depois termina com ele agr tÃ¡ copiando atÃ© a mÃºsica q ele bota nos vÃ­deos e agr a casa e ainda fala q e a maior casa de BH a casa do enaldinho da um coro na casa nova dela daqui a pouco ela aparece com um cybertruck e tÃ¡ copiando atÃ© os desenhos na parede,0,2025-04-20T23:41:03Z
lT6B2WKHI6A,@alexiaeyulodomibgossalaman6146,Aninha vc terminou com o Enaldinho ğŸ˜¢ğŸ˜®,1,2025-04-20T14:10:42Z
lT6B2WKHI6A,@DOS_SANTOSCARLOS,VocÃª ainda namora o enaldinho,1,2025-04-20T09:41:17Z
lT6B2WKHI6A,@MyTaques1,Na vdd foi a 4 anos,1,2025-04-20T03:00:27Z
lT6B2WKHI6A,@lauranice5395,sou muito sua fÃ£,3,2025-04-19T22:52:08Z
lT6B2WKHI6A,@Guilherme244.9k,Aninha vocÃª ainda namora com Enaldo nunca mais eu vi vocÃª gravando um vÃ­deo com ele,2,2025-04-19T22:09:20Z
lT6B2WKHI6A,@JuanCosta-k2x,Sei lÃ¡ a aninha comeÃ§ou a ser infantil muito estilo o ex dela enaldinho,1,2025-04-19T00:09:18Z
lT6B2WKHI6A,@Koironyt,Ela mora na pampulha passei do lado do studio dela,2,2025-04-18T21:36:57Z
lT6B2WKHI6A,@SophiaChaves-qy7qi,A Ãºltima casa e a melhor escolhe essa casa aninha por favor â¤,2,2025-04-18T19:14:27Z
lT6B2WKHI6A,@Ettirosseseusamigos,Aninha porque vc n grava mais com o enaldinho?,0,2025-04-18T15:38:16Z
lT6B2WKHI6A,@AfrÃ¢nioSantosFilho,Eu  tambÃ©m torÃ§o pro galo,1,2025-04-18T01:08:58Z
lT6B2WKHI6A,@wilmarfernandes4982,Vcs estÃ£o muitos lindas demais parabÃ©ns amo vcs muito ğŸ©·ğŸ©·,3,2025-04-17T21:04:42Z
lT6B2WKHI6A,@Rafael-r8v8r,Volta pro enaldo,0,2025-04-17T19:54:43Z
lT6B2WKHI6A,@MarciaBenicio-et2oc,Aninha eu acho que eu preferia a terceira eu achei ela muito mais bonita mas vocÃª decide essa tambÃ©m Ã© muito bonita e muito grande ğŸ˜¢â¤,2,2025-04-17T16:28:23Z
lT6B2WKHI6A,@thiagoxaviersoutricolor8260,AlÃ´ Aninha uai so eu sou seu fan tÃ¡.,1,2025-04-17T15:34:25Z
lT6B2WKHI6A,@petersonlucas5107,Eu te vi no muro azul,1,2025-04-17T13:53:35Z
lT6B2WKHI6A,@WesleySÃ¡Nogueira,Se n fosse enaldinho n tinha nd,0,2025-04-17T13:32:07Z
lT6B2WKHI6A,@GeovanaLara-w9z,Oi aninha sou uma nova inscrita do seu canal â¤,2,2025-04-17T12:41:05Z
lT6B2WKHI6A,@BGMA-y9l,ğŸ˜¢ vocÃª terminou com o Enaldinho ğŸ˜¢,1,2025-04-17T11:19:37Z
lT6B2WKHI6A,@Dudas4q,"Quem ai assisti: Diogo Tiba, Luana Japa, Fran  Japa e BianKa comenta aqui",0,2025-04-17T01:17:52Z
lT6B2WKHI6A,@Gabirian-x5e,â¤â¤â¤â¤â¤,1,2025-04-16T23:56:30Z
lT6B2WKHI6A,@humbertokatoch,"Se puder, dÃ¡ atÃ© para andar de Jetski no lago da frente. Jetski X Prancha X Caiaque. Construir uma jangada...",1,2025-04-16T21:28:26Z
lT6B2WKHI6A,@humbertokatoch,Legal! Boa sorte no conteÃºdo!,1,2025-04-16T21:26:37Z
lT6B2WKHI6A,@MicaelHard,Minha vida e tao pobre perto deles brutal,3,2025-04-16T21:14:01Z
lT6B2WKHI6A,@RenataArruda-o2f,Essa casa Ã© linda de mais,3,2025-04-16T21:05:38Z
lT6B2WKHI6A,@IaiaSanuo,Aninha vocÃª terminou <br>com enaldinho,1,2025-04-16T20:39:03Z
lT6B2WKHI6A,@VicenteReina-s7v,E vinte milhÃµes,1,2025-04-16T16:18:43Z
lT6B2WKHI6A,@VICENTESTEFFEN,E o enaldinho,0,2025-04-16T15:04:05Z
lT6B2WKHI6A,@RCWJV,VocÃª terminou com o Enaldinho?,0,2025-04-16T14:45:36Z
lT6B2WKHI6A,@Beatrizfn-g2i,Ainda namoras com o enaldinho,0,2025-04-16T11:47:27Z
lT6B2WKHI6A,@LuizEduardoFranÃ§adeOliveir-f2t,"Aninha torce pro atlÃ©tico-mg, aqui Ã© palmeiras ğŸ’šâ¤ï¸ğŸ’š",1,2025-04-15T22:44:13Z
lT6B2WKHI6A,@polianafernanda1913,Anninha ğŸ‰ğŸ‰ğŸ‰ğŸ‰ Amamos Vc Merece!!!!! Deus abenÃ§oe Vcs !!!!! Convide a gente por favor â¤â¤â¤â¤,11,2025-04-15T21:33:31Z
lT6B2WKHI6A,@kauezinho1333,A segunda Ã© a casa do Leozinho e da Emily de verdade,1,2025-04-15T20:41:28Z
lT6B2WKHI6A,@kauezinho1333,A segunda casa Ã© a mansÃ£o do Rosa,0,2025-04-15T20:41:11Z
lT6B2WKHI6A,@Luiza0607,TorÃ§o para o galo,1,2025-04-15T20:18:51Z
lT6B2WKHI6A,@AndrÃ©MarcosPiquinaFerreira,Aninha voce Ã© namorada do Enaldinho,0,2025-04-15T20:15:27Z
lT6B2WKHI6A,@rodrigohebertdapurificacao3948,CadÃª oenaldinho,1,2025-04-15T19:25:28Z
lT6B2WKHI6A,@gorettiarrais6519,AlguÃ©m  em 2025 ?ğŸ˜ŠğŸ˜…,3,2025-04-15T19:05:44Z
lT6B2WKHI6A,@ManoelFernandoSiprianoferreira,Oi anninha sou seu fÃ£ adoro seus videos â¤â¤â¤â¤â¤,2,2025-04-15T17:34:06Z
lT6B2WKHI6A,@Miguel-o3v6u,Aninha cadÃª o enaldinho,1,2025-04-15T15:08:04Z
lT6B2WKHI6A,@WilliamMartinelli-f6i,Passa o nÃºmero 4,1,2025-04-15T14:46:57Z
lT6B2WKHI6A,@prottidragon,"Anninha  sÃ³ umas perguntas vc tÃ¡ pensando trazer enaldinho pra gravar Junto, pq se dois gosto seu canal, eu assisto todos dia",1,2025-04-15T14:24:55Z
lT6B2WKHI6A,@lucaspeixoto6221,Meus parabÃ©ns Anninha ğŸ‰â¤ Vc ganhou 20 milhÃµes de inscritos no seu canal â¤ğŸ‰ Bom trabalho pra vc â¤ğŸ‰ğŸ˜Š,5,2025-04-15T12:46:27Z
lT6B2WKHI6A,@juremaferreira6936,Anninha porquÃª vc se separou com o o enaldinho vc  n aparece nos dele faz vÃ­deo por favor quero tanto saber o porquÃª vcs se separou,4,2025-04-15T12:13:43Z
lT6B2WKHI6A,@JoseClaudioPereiradasilv-wn9iu,Q pena q vc terminou com o enaldinhoğŸ˜¢,1,2025-04-15T12:00:36Z
lT6B2WKHI6A,@AlexPalma-o2s,"<a href=""https://www.youtube.com/watch?v=lT6B2WKHI6A&amp;t=69"">1:09</a> prÃ³ximo vÃ­deo faz comprando o carro novo",2,2025-04-15T11:48:26Z
lT6B2WKHI6A,@catarinaguerreiro4351,Enaldinho,0,2025-04-15T07:14:22Z
lT6B2WKHI6A,@Gabirian-x5e,â¤â¤â¤â¤â¤â¤â¤,1,2025-04-15T01:26:40Z
lT6B2WKHI6A,@Gabirian-x5e,â¤â¤â¤â¤â¤â¤,1,2025-04-15T01:26:22Z
lT6B2WKHI6A,@Gabirian-x5e,ğŸ‰ğŸ‰ğŸ‰ğŸ‰ğŸ‰,1,2025-04-15T01:25:55Z
lT6B2WKHI6A,@Gabirian-x5e,â¤â¤â¤,1,2025-04-15T01:20:14Z
lT6B2WKHI6A,@Carlos_ff800,Notaa,1,2025-04-15T01:07:59Z
lT6B2WKHI6A,@MarilzaMariadaSilvaGustavoRibe,ğŸ‘ğŸ‘ğŸ‘ğŸ‘ğŸ‘ğŸ‘ğŸ‘ğŸ‘ğŸ‘ğŸ‘ğŸ‘ğŸ‘ğŸ‘ğŸ‘ğŸ‘ğŸ‘ğŸ‘ğŸ‘ğŸ‘ğŸ‘ğŸ‘ğŸ‘ğŸ‘ğŸ‰ğŸ‰ğŸ‰ğŸ‰ğŸ‰ğŸ‰ğŸ‰ğŸ‰ğŸ‰ğŸ‰ğŸ‰ğŸ‰ğŸ‰ğŸ‰ğŸ‰ğŸ‰ğŸ‰ğŸ‰,1,2025-04-15T00:32:59Z
lT6B2WKHI6A,@fabiorios1975,ğŸ‰ğŸ‰ğŸ‰ğŸ‰â¤â¤â¤,2,2025-04-15T00:32:14Z
lT6B2WKHI6A,@Gabirian-x5e,â¤â¤â¤â¤â¤,1,2025-04-15T00:21:08Z
lT6B2WKHI6A,@Gabirian-x5e,â¤â¤,1,2025-04-15T00:19:24Z
lT6B2WKHI6A,@annaclara2044,O carro Ã© depois nÃ©,5,2025-04-14T23:14:36Z
lT6B2WKHI6A,@tifanyreis8067,Aninha vocÃª superou enaldinho,5,2025-04-14T23:13:19Z
lT6B2WKHI6A,@fabiorios1975,ğŸ˜®ğŸ˜®ğŸ˜®â¤â¤â¤â¤ğŸ‰ğŸ‰ğŸ‰ğŸ‰,3,2025-04-14T23:12:18Z
lT6B2WKHI6A,@tifanyreis8067,Essa casa essa Ãºltima Ã© maravilhosa Ã© linda demais Ã© a sua cara â¤ï¸ğŸ˜â¤ï¸â¤ï¸,3,2025-04-14T23:09:17Z
lT6B2WKHI6A,@tifanyreis8067,Fazer uma pergunta aninha vocÃª estÃ¡ pensando em chamar enaldinho para fazer gravaÃ§Ãµes Claro entre aspa entre &quot;,50,2025-04-14T23:08:53Z
lT6B2WKHI6A,@tifanyreis8067,Se os dois melhores amigos cadÃª o Patrick tu jÃ¡ faz muito tempo que ninguÃ©m vÃª ele,2,2025-04-14T23:01:12Z
lT6B2WKHI6A,@lindalvarodriguesdesousali8023,ParabÃ©ns pelos 20 milhÃµes anninha!ğŸ¥³,14,2025-04-14T22:57:03Z
lT6B2WKHI6A,@cassiofarache5623,Primeiro â¤â¤â¤â¤â¤â¤â¤â¤,2,2025-04-14T22:46:47Z
lT6B2WKHI6A,@AgathaVitÃ³ria-k9j,â¤ï¸,2,2025-04-14T22:44:53Z
lT6B2WKHI6A,@JoseLucas-md4gv,Agora quero ver se eles vÃ£o dizer se a casa Ã© muito fraquinha tambÃ©m sou de BH moro num condomÃ­nio perto do condomÃ­nio do enaldinho,5,2025-04-14T22:43:53Z
lT6B2WKHI6A,@VilmaFernandes-xj1th,â¤,1,2025-04-14T22:37:24Z
lT6B2WKHI6A,@Francivaldodacostaoliveira-f2v,Vc separou do enadinho,15,2025-04-14T22:37:19Z
lT6B2WKHI6A,@lory-d7l,Amei a casa,1,2025-04-14T22:36:44Z
lT6B2WKHI6A,@fabiorios1975,ğŸ‰ğŸ‰ğŸ‰ğŸ‰â¤â¤â¤â¤â¤,1,2025-04-14T22:35:12Z
lT6B2WKHI6A,@verdammtnochmal401,a 3Â° casa Ã© a melhor,6,2025-04-14T22:32:40Z
lT6B2WKHI6A,@verdammtnochmal401,qual Ã© o nome das ruas que ficam essas casas?,3,2025-04-14T22:24:54Z
lT6B2WKHI6A,@andreinnovinhahugoealzheim4539,ANDRE ANDRE ANDRE ANDRE ANDRE ANDRE ANDRE ANDRE ANDRE ANDRE ANDRE ANDRE ANDRE ANDRE ANDRE ANDRE ANDRE ANDRE,1,2025-04-14T22:23:27Z
lT6B2WKHI6A,@lory-d7l,Eu te amo,2,2025-04-14T22:22:33Z
lT6B2WKHI6A,@LEONARDOOLIVEIRA-ym4hw,E a aninha tem que ter uma mansÃ£o,6,2025-04-14T22:19:30Z
lT6B2WKHI6A,@soniarios535,Ficou maravilhoso seu stÃºdioâ¤,3,2025-04-14T22:19:07Z
lT6B2WKHI6A,@soniarios535,ParabÃ©ns â¤,1,2025-04-14T22:18:31Z
lT6B2WKHI6A,@Annafloresfofa13,E parabÃ©ns Aninha pelos 20 milhÃµes de inscritos e gostei de todas as mansÃµes â¤ğŸ‰ğŸ˜Š,13,2025-04-14T22:18:26Z
lT6B2WKHI6A,@Jhonatan-z5e,2macarcano,2,2025-04-14T22:17:53Z
lT6B2WKHI6A,@Annafloresfofa13,Oi Aninha sou sua fÃ£ adoro seus vÃ­deos eu tambÃ©m tenho um canal no YouTube â¤ğŸ‰ğŸ˜Š,5,2025-04-14T22:16:39Z
lT6B2WKHI6A,@canalzack1581,â€œ85% vai me ignoraâ€<br><br>â€œ15% vai me ajudarâ€<br><br>Â <br><br>NUNCA VOU DESISTIRğŸ¤©ğŸ¤©ğŸ¤©ğŸ¤©,2,2025-04-14T22:16:21Z
lT6B2WKHI6A,@helenamarinatotenorio8791,â¤â¤â¤,1,2025-04-14T22:15:42Z
lT6B2WKHI6A,@elianasantos3248,Cheguei,2,2025-04-14T22:14:47Z
lT6B2WKHI6A,@severinolbonifacio1332,Anninha e verdade vocÃª era para morar em uma mansÃ£o,3,2025-04-14T22:12:08Z
lT6B2WKHI6A,@arlienesantos,â¤â¤â¤â¤â¤â¤â¤,1,2025-04-14T22:02:12Z
lT6B2WKHI6A,@Kayke_free,Sengudo,2,2025-04-14T22:02:05Z
lT6B2WKHI6A,@CarlaFurtado-m1r,Primeira â¤â¤â¤,1,2025-04-14T22:01:56Z
lT6B2WKHI6A,@duduufx,Primeiro,1,2025-04-14T22:01:39Z
6vH17KTgW24,@anapaulasilva1374,Me nota aninha,1,2025-04-15T23:37:39Z
6vH17KTgW24,@normamartinez398,â¹9999999,1,2025-04-12T02:57:59Z
6vH17KTgW24,@DanielaFernandes-b3o,A crianÃ§a  ma Ã© o Gabriel,1,2025-03-16T22:43:02Z
6vH17KTgW24,@AnnaMelFabri,Estou com saudade  de vc  postar  video  om o enaldo,1,2025-03-05T02:08:24Z
6vH17KTgW24,@SomosWefa,Amei gravar isso! ğŸ‰ğŸ˜‚,11,2025-03-04T16:30:01Z
6vH17KTgW24,@RafaelMorais-y3c,CsÃ³g te,1,2025-03-03T21:52:42Z
6vH17KTgW24,@ArthurDavanso-r9e,EU GOSTO DE ğŸ¢ğŸ¢ğŸ¢,3,2025-02-28T18:38:37Z
6vH17KTgW24,@FernandoArtur-d5y,CadÃª Os VÃ­deos Junto Com Enaldo?,2,2025-02-20T03:24:46Z
6vH17KTgW24,@cristianeesper5804,Opo,1,2025-02-20T03:10:10Z
6vH17KTgW24,@anapenetra6647,Anhinha,1,2025-02-18T20:22:45Z
6vH17KTgW24,@jaquelinebatista3519,Oii anninhaâ¤â¤â¤,2,2025-02-18T19:05:04Z
6vH17KTgW24,@Jonatas-s5f,Aninha vc Ã© incrÃ­vel no futebol â¤â¤â¤â¤ğŸ˜®ğŸ˜®ğŸ˜®ğŸ˜®ğŸ˜®ğŸ˜®,6,2025-02-18T16:50:36Z
6vH17KTgW24,@mariadasgracasfelicio,Oi que vÃ­deo mais legal,2,2025-02-18T15:39:16Z
6vH17KTgW24,@FalaPapaiBH,Topp voa Gabriel,4,2025-02-18T13:09:04Z
6vH17KTgW24,@Gabirian-x5e,ğŸ˜‚ğŸ˜‚ğŸ˜‚ğŸ˜‚ğŸ˜‚,1,2025-02-18T02:58:58Z
6vH17KTgW24,@Gabirian-x5e,ğŸ‰ğŸ‰ğŸ˜‚ğŸ˜‚,1,2025-02-18T02:52:31Z
6vH17KTgW24,@guilhermemoreira7026,Faz prÃ³ximo vÃ­deo tomando conta de um bebÃª,3,2025-02-18T02:24:27Z
6vH17KTgW24,@marryjessika7689,Faz o prÃ³ximo vÃ­deo de carnaval em CuiabÃ¡ chama o enaldinho para fazer o vÃ­deo de carnaval com vocÃª,3,2025-02-18T02:21:49Z
6vH17KTgW24,@danielcarlos8923,Anninha por que vc nÃ£o voltou grava com enaldo vcs terminaram de novo,2,2025-02-18T02:14:57Z
6vH17KTgW24,@fabiorios1975,ğŸ‰ğŸ‰ğŸ‰ğŸ˜‚ğŸ˜‚ğŸ˜‚â¤â¤â¤,4,2025-02-17T23:57:57Z
6vH17KTgW24,@JoseildaMaria-g2z,Oi.  Aninha,1,2025-02-17T22:52:42Z
6vH17KTgW24,@AgathaVitÃ³riaPedro,mepas o nÃºmero de telefone  para  o meu aniversÃ¡rio â¤â¤â¤â¤â¤ por favor â¤â¤â¤â¤,2,2025-02-17T22:40:38Z
6vH17KTgW24,@humbertokatoch,Desafio: Experimentando as frutas mais exÃ³ticas do mundo.,6,2025-02-17T22:26:20Z
6vH17KTgW24,@CÃ­ntiaGonÃ§alves-o7q,ğŸ˜‚ğŸ˜‚ğŸ˜‚,2,2025-02-17T22:24:28Z
6vH17KTgW24,@raulebrenotv,"Que legal, adoramos ğŸ‰",38,2025-02-17T22:23:31Z
6vH17KTgW24,@fabiorios1975,Chegueiâ¤â¤â¤,5,2025-02-17T22:04:28Z
6vH17KTgW24,@canalzack1581,TÃ¡ difÃ­cil sim crescer no YouTubeğŸ˜­â¤mesmo com tanto trabalho nos meus vÃ­deos e pouco visualizaÃ§Ã£o tenho fÃ© em Deus que vai dÃ¡ tudo certo amÃ©mğŸ™,7,2025-02-17T22:01:55Z
6vH17KTgW24,@mcdeivin2775,Quarto,1,2025-02-17T22:01:41Z
6vH17KTgW24,@katlen001,Me da um coraÃ§ao,1,2025-02-17T22:01:31Z
6vH17KTgW24,@pulseirascomalilice,Quem chegou con 0 likes,1,2025-02-17T22:01:09Z
6vH17KTgW24,@helemsilva1113,Me nota aninha,3,2025-02-17T22:00:57Z
6vH17KTgW24,@katlen001,Oii aninha primeira a comentar me nota,7,2025-02-17T22:00:56Z
6vH17KTgW24,@db10-fl2,Oi,1,2025-02-17T22:00:44Z
6vH17KTgW24,@helemsilva1113,Primeiro,1,2025-02-17T22:00:43Z
6vH17KTgW24,@luanfelipe6093,Primeiroooooo,4,2025-02-17T22:00:37Z
6vH17KTgW24,@helemsilva1113,Oi,1,2025-02-17T22:00:37Z
6vH17KTgW24,@04_KTZIN,Primeiro,1,2025-02-17T22:00:33Z
aizCC3nCddQ,@vilaniamariamirandamiranda8056,Eu nÃ£o,0,2025-07-13T00:38:08Z
aizCC3nCddQ,@vilaniamariamirandamiranda8056,Naaaaaaaaaaaaaaaaaaaaaaaaaao aninhaaaaaaaaaaaaaaaaaaaaaaaaaaaaa,0,2025-07-13T00:30:32Z
aizCC3nCddQ,@rafaelcury1646,eu quero aspedra   minha Princesa,0,2025-07-12T23:06:33Z
aizCC3nCddQ,@elicastromacedo6062,So falam do enaldinho,0,2025-07-11T23:00:14Z
aizCC3nCddQ,@shirleymaria6785,LAKI â¤â¤â¤â¤â¤â¤â¤â¤â¤,0,2025-07-11T19:36:29Z
aizCC3nCddQ,@cintiaconceicao8524,Xina,0,2025-07-09T21:51:29Z
aizCC3nCddQ,@meuscaracoes2657,Sim,0,2025-07-09T02:09:11Z
aizCC3nCddQ,@mayconbaginski4392,Aninha vc esqueceu de outra caixa,0,2025-07-06T23:51:09Z
aizCC3nCddQ,@gabrielantoniocosta4422,BRASIL SIL SIL,0,2025-07-06T02:53:59Z
aizCC3nCddQ,@FranciscoRibeiro-w3y5j,Aninha vocÃª falou palavrÃ£o vocÃª falou diabo ğŸ˜®ğŸ˜®ğŸ˜®ğŸ˜®ğŸ˜®ğŸ˜®ğŸ˜®ğŸ˜®ğŸ˜®ğŸ˜®ğŸ˜®ğŸ˜®ğŸ˜®ğŸ˜®,0,2025-06-30T23:55:29Z
aizCC3nCddQ,@hugomartinez2808,Oi,0,2025-06-29T13:58:39Z
aizCC3nCddQ,@luaradsribeiro,Ã‰ JaponÃªs,1,2025-06-29T13:16:16Z
aizCC3nCddQ,@LiaMaia-z2j,Eu sou muito sua fÃ£,0,2025-06-21T19:16:28Z
aizCC3nCddQ,@LiaMaia-z2j,ğŸ˜¨ğŸ˜¨ğŸ˜¨ğŸ˜¨ğŸ˜¨ğŸ˜¨ğŸ˜¨ğŸ˜¨ğŸ˜¨ğŸ˜¨ğŸ˜¨ğŸ˜¨ğŸ˜¨ğŸ˜¨ğŸ˜¨ eu sou muito sua fÃ£,0,2025-06-21T19:16:11Z
aizCC3nCddQ,@LiaMaia-z2j,ANINHA EU VIU O MONSTRO QUE ERA O ZPA AI NO. SEU  VÃDEO,0,2025-06-21T19:15:25Z
aizCC3nCddQ,@LiaMaia-z2j,O,0,2025-06-21T19:10:57Z
aizCC3nCddQ,@BermondTransporte,"Njivjko.okiki <a href=""https://www.youtube.com/watch?v=aizCC3nCddQ&amp;t=33"">0:33</a> <a href=""https://www.youtube.com/watch?v=aizCC3nCddQ&amp;t=34"">0:34</a> <a href=""https://www.youtube.com/watch?v=aizCC3nCddQ&amp;t=34"">0:34</a> <a href=""https://www.youtube.com/watch?v=aizCC3nCddQ&amp;t=35"">0:35</a> <a href=""https://www.youtube.com/watch?v=aizCC3nCddQ&amp;t=43"">0:43</a> <a href=""https://www.youtube.com/watch?v=aizCC3nCddQ&amp;t=44"">0:44</a> ğŸ¤—ğŸ˜Š <a href=""https://www.youtube.com/watch?v=aizCC3nCddQ&amp;t=69"">1:09</a> <a href=""https://www.youtube.com/watch?v=aizCC3nCddQ&amp;t=69"">1:09</a> <a href=""https://www.youtube.com/watch?v=aizCC3nCddQ&amp;t=69"">1:09</a> <a href=""https://www.youtube.com/watch?v=aizCC3nCddQ&amp;t=70"">1:10</a> <a href=""https://www.youtube.com/watch?v=aizCC3nCddQ&amp;t=70"">1:10</a> <a href=""https://www.youtube.com/watch?v=aizCC3nCddQ&amp;t=70"">1:10</a> <a href=""https://www.youtube.com/watch?v=aizCC3nCddQ&amp;t=70"">1:10</a> <a href=""https://www.youtube.com/watch?v=aizCC3nCddQ&amp;t=71"">1:11</a> <a href=""https://www.youtube.com/watch?v=aizCC3nCddQ&amp;t=71"">1:11</a>",0,2025-06-18T00:37:58Z
aizCC3nCddQ,@milenasouza2221,OiTUDO BOM â¤â¤â¤â¤â¤â¤â¤ğŸ˜¢ estou triste porque eu nunca consigo ver vocÃª mas talvez no YouTube,0,2025-06-17T22:42:08Z
aizCC3nCddQ,@LiaMaia-z2j,Eu sou a sua maior fÃ£ e eu quero sÃ³ uma foto para papa,0,2025-06-16T22:57:26Z
aizCC3nCddQ,@LiaMaia-z2j,Eba eu fui a primeira,0,2025-06-16T22:56:57Z
aizCC3nCddQ,@LiaMaia-z2j,E Ã© isso mesmo aninha vocÃª namora com enaldinho???,0,2025-06-16T22:56:14Z
aizCC3nCddQ,@normamacedo1625,"<a href=""https://www.youtube.com/watch?v=aizCC3nCddQ&amp;t=90"">1:30</a> eu acho que Ã© da Coreia",0,2025-06-12T18:16:03Z
aizCC3nCddQ,@Pucca1,Eu nasci em Portugal â¤â¤â¤ entÃ£o eu sou Portuguesa,0,2025-06-10T16:01:24Z
aizCC3nCddQ,@MariaFernanda-r5e4p,Eroetoero,0,2025-05-27T00:38:25Z
aizCC3nCddQ,@RobertElliott-jv4ky,Letâ€™s go oi,0,2025-05-24T18:53:09Z
aizCC3nCddQ,@maiarafigueredo660,Burra,0,2025-05-11T15:54:13Z
aizCC3nCddQ,@EduardoRangelMoreiraSilva,Luiz Fernandes Ã© do JA,0,2025-05-08T21:08:16Z
aizCC3nCddQ,@Caichinhos-bmw,Aninha hj Ã© meu niver vc pode realizar meu pedido ele Ã© q vc volte com o enaldinho prfvr eu tou chorando,6,2025-05-05T12:29:15Z
aizCC3nCddQ,@nubiarosettingomes8102,eu ja comi o de mergulhaar a jujuba que mergulha no slime,0,2025-04-27T17:20:40Z
aizCC3nCddQ,@giseanepaula777,VocÃª Ã© muito legal Aninha queria te conhecer um dia !!!!!!!!!!!,0,2025-04-21T03:12:53Z
aizCC3nCddQ,@thais_015,Meu nome Ã© Raimundo eu sou muito emocionante nÃ£o entendiğŸ‰â¤,0,2025-04-18T21:37:03Z
aizCC3nCddQ,@thais_015,Me acompanha com alguÃ©m comeÃ§ando a me convidar aqui doce,0,2025-04-18T21:36:04Z
aizCC3nCddQ,@thais_015,â¤â¤â¤â¤â¤â¤â¤â¤â¤â¤â¤â¤â¤â¤â¤â¤â¤â¤â¤â¤â¤â¤ğŸ¥°ğŸ˜ğŸ˜ğŸ¥³ğŸ’“âœŒï¸ğŸ‘…ğŸ‘¸ğŸ‘©â€â¤ï¸â€ğŸ’‹â€ğŸ‘©,1,2025-04-18T21:31:11Z
aizCC3nCddQ,@mariasilva-f3k3m,Aninha Portugal Ã© muito estranho ğŸ˜‚ğŸ˜‚ğŸ˜‚ğŸ˜‚ğŸ˜‚ğŸ˜‚ğŸ˜‚ğŸ˜‚ğŸ˜‚ğŸ˜‚ğŸ˜‚ğŸ˜‚ğŸ˜‚ğŸ˜‚ğŸ˜‚ğŸ˜‚ğŸ˜‚,0,2025-04-13T11:39:22Z
aizCC3nCddQ,@mildessantos4215,Aninha vocÃª e minha menina do YouTube favorita â¤â¤â¤â¤â¤â¤â¤â¤â¤â¤â¤â¤â¤â¤â¤â¤â¤â¤â¤,3,2025-04-06T16:46:55Z
aizCC3nCddQ,@carolineframbach3254,â¤â¤â¤â¤â¤ğŸ˜ŠğŸ˜ŠğŸ˜ŠğŸ˜Šâ¤ğŸ˜Šâ¤ğŸ˜Šâ¤ğŸ˜ŠğŸ˜ŠğŸ˜Šâ¤ğŸ˜ŠCATARINA â¤6,0,2025-04-02T23:22:29Z
aizCC3nCddQ,@_Kitt1_,o Oreo Ã© da china Anninha,0,2025-03-29T19:35:47Z
aizCC3nCddQ,@ErickDelgadoGonÃ§alves,Essa foi do japÃ£o concertesa,0,2025-03-23T20:37:43Z
aizCC3nCddQ,@LorenaCavalcanteCharalli-d3k,Aninha o KitKat Ã© do Brasil eu jÃ¡ comi esse,2,2025-03-22T17:42:00Z
aizCC3nCddQ,@KerolynAlmeida-o3n,Aninha eu te amo eu sou muito sua fÃ£ eu queria te ver eu sou muito sua fÃ£ te amo,0,2025-03-18T22:57:33Z
aizCC3nCddQ,@mirlenKarine,Mas q queixuda ğŸ˜‚ğŸ˜‚,1,2025-03-08T18:56:08Z
aizCC3nCddQ,@pirlimpimpimbaby4772,Adoro a aninha,2,2025-02-27T00:17:22Z
aizCC3nCddQ,@RonaldoFreitas-j2b,Que coisa esquesita refri <br>Transparente,2,2025-02-17T14:54:09Z
aizCC3nCddQ,@oialvim1,Do doce que Ã© o do JapÃ£o ou da AustrÃ¡lia que tem cheiro de uva nÃ£o tÃ¡ escrito que Ã© para se inscrever no canal Ã© sÃ³ uma enganaÃ§Ã£o para ganhar dinheiro ğŸ’°,1,2025-02-15T00:47:04Z
aizCC3nCddQ,@linedias6061,Yasml,1,2025-02-13T16:19:02Z
aizCC3nCddQ,@Heloisa-q1y,Mostra um pouco da rotina do enaldinhoğŸ‰,0,2025-02-10T01:32:45Z
aizCC3nCddQ,@Heloisa-q1y,Mostra um pouco do enaldinhoğŸ‰,0,2025-02-10T01:25:23Z
aizCC3nCddQ,@SophiaRafaela-l7b,Muito chata por favor me mate,0,2025-02-07T20:20:11Z
aizCC3nCddQ,@Aqu4ntogamer,"<a href=""https://www.youtube.com/watch?v=aizCC3nCddQ&amp;t=250"">4:10</a> coreia do norte?",2,2025-02-04T21:47:05Z
aizCC3nCddQ,@juliasampaio26,ãŠã„,0,2025-02-04T19:43:20Z
aizCC3nCddQ,@DanielaAguenaseiffernunes,Aninha eu sou muito sua fÃ£ â¤â¤â¤â¤â¤â¤â¤â¤â¤â¤,2,2025-02-03T15:36:10Z
aizCC3nCddQ,@Rafaeladasilvabarros-k9s,Aninha eu te amo muito ğŸ’–,1,2025-02-02T01:56:04Z
aizCC3nCddQ,@alicerinaldidepaula9981,Aninha melhor que me beast quem concorda deixa o like,1,2025-02-01T22:41:33Z
aizCC3nCddQ,@thalitacordeirosilva855,JaponÃªs,1,2025-02-01T14:45:06Z
aizCC3nCddQ,@JulianaLucena-s1o,JapÃ£o,1,2025-01-29T19:37:24Z
aizCC3nCddQ,@Creepypasta-c7oficial,Legal,1,2025-01-26T22:16:05Z
aizCC3nCddQ,@mundodajuju2025,J7liaâ¤â¤ğŸ˜…ğŸ˜‚,1,2025-01-24T22:47:05Z
aizCC3nCddQ,@DiversaocomaMari-qx2kn,O biscoito do pokÃ©mon Ã© do japÃ£o,1,2025-01-24T13:44:04Z
aizCC3nCddQ,@saragameplayy1,E o Enaldinho,2,2025-01-24T10:17:01Z
aizCC3nCddQ,@EloÃ¡Martins-k1n,Aninha grava com enaldinho saudadesssss bjusss,1,2025-01-18T05:07:34Z
aizCC3nCddQ,@MariaCarolinaPeleiradaCostaAlv,oi aninha,1,2025-01-17T11:27:03Z
aizCC3nCddQ,@Ayladancinhas7,Oi aninha,1,2025-01-17T01:48:21Z
aizCC3nCddQ,@Viniciusjunho-c6k,Aninha cade o enondinho,1,2025-01-16T03:40:43Z
aizCC3nCddQ,@humbertokatoch,"SUGESTÃƒO: Anninha, entrega para alguns Youtubers, uma caixa de presente com um telefone em vÃ­deo chamada dentro(com vocÃª em outro telefone) e veja a reaÃ§Ã£o deles. (&quot;pega a caixa de volta, e entrega para os outros&quot;)",7,2025-01-15T01:25:56Z
aizCC3nCddQ,@humbertokatoch,"sabida, eu gosto de assistir pessoas provando e comendo",1,2025-01-15T01:18:25Z
aizCC3nCddQ,@mecimalopessouza6158,Aninha vocÃª  gosta do  enaldinho ğŸ˜˜ğŸ˜ğŸ¥°,1,2025-01-14T23:51:03Z
aizCC3nCddQ,@vitoriarafaela222,Amei esse vÃ­deo amei,1,2025-01-14T17:49:45Z
aizCC3nCddQ,@mariliaparente5089,E Purtogal,1,2025-01-13T19:42:45Z
aizCC3nCddQ,@mariliapereira9112,"<a href=""https://www.youtube.com/watch?v=aizCC3nCddQ&amp;t=420"">7:00</a> China China",1,2025-01-13T18:01:39Z
aizCC3nCddQ,@GuilhermeVinicius-ki3tg,Ã“ heppe tÃ¡ atrÃ¡s de vc aninha,1,2025-01-13T16:52:47Z
aizCC3nCddQ,@GuilhermeVinicius-ki3tg,Aninha Ã³ heppe tÃ¡ atrÃ¡s de vc,1,2025-01-13T16:52:27Z
aizCC3nCddQ,@Guirzt,Anninha trolla o enaldinho dizendo que isso daÃ­ Ã© pedra,3,2025-01-13T11:56:41Z
aizCC3nCddQ,@davidkelvin8885,Aninha  vocÃª  ainda  namorado com o enaldinho,2,2025-01-13T00:01:16Z
aizCC3nCddQ,@PedroPaulo_da_Silva,Porque nos seus videos nÃ£o aparece o enaldinho,3,2025-01-12T20:58:50Z
aizCC3nCddQ,@EnzoAnthonyMacie,Aninha ea melhor,5,2025-01-12T17:34:26Z
aizCC3nCddQ,@levigrando4344,"Anninha, Pq Vc N Grava Mais VÃ­deos Com O Patrick? ğŸ¤” Oq Aconteceu Com O Patrick? ğŸ¤”",3,2025-01-12T13:53:50Z
aizCC3nCddQ,@mateus-rz2ne,Aninha vc ainda namora o enaldinho ?? ( sou muito fÃ£ do casal),7,2025-01-12T03:22:25Z
aizCC3nCddQ,@nailateresa-ko8sc,Ã‰ do japonÃªs pğŸ˜‹â¤,3,2025-01-11T23:47:19Z
aizCC3nCddQ,@Hudson_XD3,O segundo eu jÃ¡ comiğŸ˜®âœ‹,2,2025-01-11T23:45:49Z
aizCC3nCddQ,@Mariquinha-2305,Feliz aniversÃ¡rio aninha ğŸŠ,2,2025-01-11T21:46:47Z
aizCC3nCddQ,@MarcosGomes-dv4po,"Ela tem skin de coringa e arlequina ao mesmo tempo, dÃ¡ hora.",1,2025-01-11T18:25:37Z
aizCC3nCddQ,@MariaAlice-cu7cq,Oiâ¤,1,2025-01-11T11:47:42Z
aizCC3nCddQ,@MariaAlice-cu7cq,Oiâ¤ğŸ˜˜,1,2025-01-11T11:46:58Z
aizCC3nCddQ,@karinasouza1516,TÃ¡ tÃ¡ dizendo sabe vocÃª tem que temer esse pacote muito fiel que vai deixar feliz Ã© sempre meu eu sÃ³ botei essa trilha,1,2025-01-11T00:49:47Z
aizCC3nCddQ,@MariaEduarda-s4c,Ã‰ do JapÃ£o,1,2025-01-10T20:50:09Z
aizCC3nCddQ,@GabrielBigode-gz1tf,Por que vocÃª nÃ£o tÃ¡ mais com Ã¡udio original seu marido todo mundo quer saber porque vocÃª nÃ£o tÃ¡ com mais com ele,2,2025-01-10T16:05:23Z
aizCC3nCddQ,@GabrielBigode-gz1tf,Aninha por que vocÃª nÃ£o tÃ¡ mais com enaldinho,0,2025-01-10T16:05:02Z
aizCC3nCddQ,@ivanildabueno2371,VocÃª termonou com o enaldinho,0,2025-01-10T13:56:56Z
aizCC3nCddQ,@EnzoFrÃ¡guas-w1e,VocÃª namora com enaldinho,0,2025-01-10T13:43:34Z
aizCC3nCddQ,@LavÃ­niaVÃ­toriaHurtadodeSouza,Oiâ¤ï¸â¤ï¸,1,2025-01-10T12:53:57Z
aizCC3nCddQ,@licaamorim7453,Aninha vocÃª ainda namora com o enadinho,1,2025-01-10T03:12:03Z
aizCC3nCddQ,@SaraAraÃºjo-t5j,Oi  anna,1,2025-01-10T02:56:30Z
aizCC3nCddQ,@marianapirolifonsecadeoliv7514,"Oi aninha tudo bem, eu te vi hoje no shopping outlet na sua loja, eu estava com minha mÃ£e e minha irmÃ£, queria muito tirar uma foto com vocÃª mais fiquei com muita vergonha e medo, fui pra casa e fiquei arrasada, chorando por perder essa oportunidade, espero que um dia eu possa te ver e te abraÃ§ar, nesse momento escrevendo essa mensagem eu estou chegando... Te amo muito e o Enaldo tambÃ©m â¤",2,2025-01-10T02:02:37Z
aizCC3nCddQ,@IlcaMonteiro-q9z,Amei o vÃ­deo,1,2025-01-10T01:23:18Z
aizCC3nCddQ,@mateussoaresvicente440,muito legal,1,2025-01-10T01:13:28Z
aizCC3nCddQ,@lorysinha,ğŸ©,1,2025-01-10T00:29:43Z
aizCC3nCddQ,@Gabirian-x5e,â¤â¤ğŸ‰,2,2025-01-09T23:19:39Z
aizCC3nCddQ,@Gabirian-x5e,ğŸ‰ğŸ‰ğŸ‰ğŸ‰,2,2025-01-09T23:18:33Z
aizCC3nCddQ,@Gabirian-x5e,ğŸ‰ğŸ‰ğŸ‰ğŸ‰ğŸ‰ğŸ‰ğŸ‰ğŸ‰,2,2025-01-09T23:18:11Z
aizCC3nCddQ,@Gabirian-x5e,ğŸ‰ğŸ‰ğŸ‰ğŸ‰,2,2025-01-09T23:17:43Z
aizCC3nCddQ,@Gabirian-x5e,ğŸ‰ğŸ‰ğŸ‰ğŸ‰ğŸ‰ğŸ‰,2,2025-01-09T23:17:22Z
aizCC3nCddQ,@Gabirian-x5e,ğŸ‰ğŸ‰ğŸ‰ğŸ‰ğŸ‰ğŸ‰,2,2025-01-09T23:17:00Z
aizCC3nCddQ,@Gabirian-x5e,ğŸ‰ğŸ‰ğŸ‰,2,2025-01-09T23:16:29Z
aizCC3nCddQ,@fabiorios1975,Quero comer docesğŸ‰ğŸ‰ğŸ˜ŠğŸ˜Š,8,2025-01-09T23:01:35Z
aizCC3nCddQ,@antoniaclaudia3174,Oi aninhaaaa cheguei um pouco atrasada mais estou aqui. Uma pergunta vc ainda namora o enaldinho??ğŸ˜Š,15,2025-01-09T22:44:07Z
aizCC3nCddQ,@cristianecardoso5512,Oi anninha! Eu adoro seus vÃ­deos e seus conteÃºdos!,10,2025-01-09T22:26:38Z
aizCC3nCddQ,@JoaoHenrique-f3m,14,3,2025-01-09T22:21:07Z
aizCC3nCddQ,@canalzack1581,85% vai me ignorar<br>15% vai me ajudar<br><br>NUNCA VOU DESISTIRğŸ¤©ğŸ¤©ğŸ¤©ğŸ¤©ğŸ¤©ğŸ¤©ğŸ¤©ğŸ¤©ğŸ¤©,13,2025-01-09T22:16:09Z
aizCC3nCddQ,@rosianesilva3686,Aaaaa fui a primeira a comentar,7,2025-01-09T22:15:18Z
aizCC3nCddQ,@biaaaripee,Eu amo seu canal,3,2025-01-09T22:14:17Z
aizCC3nCddQ,@JoÃ£oPedro-e1i5h,minha comida favorita Ã© o paÃ­s do EUA Ã© o hambÃºrguer com coca cola,3,2025-01-09T22:10:48Z
aizCC3nCddQ,@EnzoConceiÃ§Ã£o-n6g,Aninha vocÃª vai ter que fazer batalha de rap contra moÃ§a mano,3,2025-01-09T22:03:41Z
aizCC3nCddQ,@BernardoKill-sg6yf,Tem q ter paladar,4,2025-01-09T22:03:21Z
aizCC3nCddQ,@MundoDoMateusLTP,O segundo a comentar,4,2025-01-09T22:02:40Z
aizCC3nCddQ,@biaaaripee,Amo vc anninha,6,2025-01-09T22:02:34Z
aizCC3nCddQ,@biaaaripee,Amei o vÃ­deo amo vc,2,2025-01-09T22:01:51Z
aizCC3nCddQ,@biaaaripee,Primeira a comentar,3,2025-01-09T22:01:46Z
aizCC3nCddQ,@wagnersilveirapereira649,Aaa fui o primeiro a comentar,7,2025-01-09T22:01:26Z
dhYkK5AeLvI,@hortenciacoelho8539,Aninha VocÃª jÃ¡ voltou com o enaldinho?,0,2025-07-13T23:58:42Z
dhYkK5AeLvI,@MariaOliveira-n9c6z,Volta com e<br>naldo,0,2025-07-13T17:52:36Z
dhYkK5AeLvI,@YasminRosaRibeiro-sr8of,Eu tÃ´ torcendo para aninha mas eu sei o nome dela inteiro Ã© Ana Clara Rios,0,2025-07-07T16:20:57Z
dhYkK5AeLvI,@YasminRosaRibeiro-sr8of,ğŸ˜®â¤,0,2025-07-07T16:20:22Z
dhYkK5AeLvI,@GabrieleCristine-v7h,Biel sabia que youtuber belinha tÃ¡ apaixonada por vc,0,2025-06-28T18:30:24Z
dhYkK5AeLvI,@GabrieleCristine-v7h,Aninhaaaaaaaa sou sua maior fÃ£ do mundo,0,2025-06-28T18:26:29Z
dhYkK5AeLvI,@DaviLucas-c5g,Eudavitiamomuitomibeija na noca,0,2025-06-28T12:55:44Z
dhYkK5AeLvI,@DaviLucas-c5g,O enaldinho ele tiodeia e eutiamo ğŸ’‹ beijo,1,2025-06-28T12:53:16Z
dhYkK5AeLvI,@DaviLucas-c5g,Aninha eutiamo vocÃª Ã© muito bonita ğŸ’‹â¤,0,2025-06-28T12:49:10Z
dhYkK5AeLvI,@TamyresLicidonio,hanna,0,2025-06-21T14:35:46Z
dhYkK5AeLvI,@TamyresLicidonio,HANNA,0,2025-06-21T14:35:05Z
dhYkK5AeLvI,@rafaelkozakkozak1988,Aninha fala que Ã© gato nÃ£o quero pagar entÃ£o fala que Ã© grÃ¡tis que a minha mÃ£e nÃ£o vai querer me pagar daÃ­ eu quero como Ã© que eu vou Ã© por causa que tem rodinha eu tinha Dino Rosa mas sÃ³ que meu pai jogou fora,0,2025-06-18T14:02:00Z
dhYkK5AeLvI,@rafaelkozakkozak1988,â¤ meu nome Ã© Joana Joana Rafaela kozak tchau te amoâ¤,0,2025-06-18T14:00:39Z
dhYkK5AeLvI,@rafaelkozakkozak1988,Ã‰ porque eu disse isso amiga Ã© que o meu o meu pÃ© Ã© calÃ§a 36,0,2025-06-18T14:00:04Z
dhYkK5AeLvI,@rafaelkozakkozak1988,Aninha tem tamanho 36 do sapato da aninha,0,2025-06-18T13:59:32Z
dhYkK5AeLvI,@keylladennyse5633,Aninha sua linda â¤,0,2025-06-17T16:38:50Z
dhYkK5AeLvI,@lucivaniagomes5824,Estou torcendo por vc aninha ğŸ’—,0,2025-06-14T18:31:21Z
dhYkK5AeLvI,@EstherAndra,ğŸ˜ŠğŸ˜ŠğŸ˜ŠğŸ˜ŠğŸ˜ŠğŸ˜ŠğŸ˜ŠğŸ˜®ğŸ˜®ğŸ˜®ğŸ˜®ğŸ˜®ğŸ˜®ğŸ˜®ğŸ˜®ğŸ‘ŠğŸ‘ŠğŸ‘ŠğŸ‘ŠğŸ‘ŠğŸ‘Š,0,2025-06-13T11:05:13Z
dhYkK5AeLvI,@PaollaRafaelly-q1l,Oi aninha,0,2025-06-08T19:23:34Z
dhYkK5AeLvI,@cassianaborges3988,Como eu posso ganhar um tÃªnis,0,2025-06-08T13:21:05Z
dhYkK5AeLvI,@rwjsrwjs,A minha vocÃª Ã© uma pÃ©ssima eu tenho mais maravilhoso eu tenho 8 milhÃµes de inscritos e vocÃª nunca vai ter porque eu jÃ¡ tenho nove milhÃµes de inscritos e vocÃª nunca vai ganhar agora atÃ© hoje eu tenho 30 milhÃµes um milhÃ£o de inscritos vocÃª nunca vai me ganhar sua minha chata e eu quero que vocÃª volta com Enaldo porque senÃ£o eu vou falar para todo mundo do seus seguidores que vocÃª gosta de bater o enaldinho vou falarğŸ˜‚ğŸ˜‚ğŸ˜‚ğŸ˜‚ğŸ–•ğŸ»ğŸ–•ğŸ»ğŸ–•ğŸ»ğŸ–•ğŸ»ğŸ–•ğŸ»,1,2025-06-07T14:44:46Z
dhYkK5AeLvI,@marisagoncalves151,ğŸ‰ğŸ¥³ğŸˆ,0,2025-06-06T07:34:30Z
dhYkK5AeLvI,@marisagoncalves151,â¤â¤â¤â¤â¤â¤â¤â¤â¤â¤â¤â¤â¤â¤â¤â¤â¤,0,2025-06-06T07:33:09Z
dhYkK5AeLvI,@andreamendes2900,A aninha venceu porquÃª Ã© o tÃªnis da aninha nÃ©,0,2025-06-03T03:09:51Z
dhYkK5AeLvI,@patriciaalves104,Vc estÃ¡ fazendo errado Cla nÃ£o Ã© assim que patina Cla,0,2025-05-29T16:40:35Z
dhYkK5AeLvI,@Enzo-pobFF,Eles roubaram,0,2025-05-28T00:45:01Z
dhYkK5AeLvI,@Enzo-pobFF,Tudo mundo roubo menos a clara,0,2025-05-28T00:44:05Z
dhYkK5AeLvI,@Enzo-pobFF,Quem viu que no puloo a aninha roubou era para o Biel ganhar,0,2025-05-28T00:42:54Z
dhYkK5AeLvI,@alexanderdasilvamachado,a e eu vejo Bruna Constantino  para saber uma e a melhor YouTube nÃ© fracoes,0,2025-05-26T04:42:56Z
dhYkK5AeLvI,@jessicas1508,Aninha faz um vÃ­deo mostrando os comentÃ¡rios por favor â¤â¤â¤â¤â¤ğŸ˜ŠğŸ˜Š,0,2025-05-18T18:10:40Z
dhYkK5AeLvI,@teresamoura927,NÃ£o tem mais a sua loja no shopping sÃ³ marcas em contagem  mg?,0,2025-05-17T13:48:18Z
dhYkK5AeLvI,@DulceAlvesdaSilva-m4l,Eles terminaram!,0,2025-05-13T10:19:05Z
dhYkK5AeLvI,@KelwinSantos-i4o,"<a href=""https://www.youtube.com/watch?v=dhYkK5AeLvI&amp;t=379"">6:19</a>",0,2025-05-12T17:51:58Z
dhYkK5AeLvI,@GenivaldoBatista-uz9tx,Anninha,0,2025-05-09T21:28:08Z
dhYkK5AeLvI,@GenivaldoBatista-uz9tx,Concordo,0,2025-05-09T21:27:19Z
dhYkK5AeLvI,@marisapusa5308,Oieee tem 30,0,2025-05-08T13:27:47Z
dhYkK5AeLvI,@mariasaletedesousapinto9602,Aninha meu nome tambÃ©m Ã© Ana Claraâ¤,0,2025-04-20T20:37:24Z
dhYkK5AeLvI,@JoÃ£oPedroOliveiradaSilva-k8en,FdiğŸ˜‚ğŸ‰ğŸ‰ğŸ‰,0,2025-04-18T22:51:56Z
dhYkK5AeLvI,@PaulaTomÃ©-c1f,VocÃª jÃ¡ foi como um pato para falar que vocÃª Ã© um pato vocÃª jÃ¡ foi um pato,0,2025-04-13T02:44:44Z
dhYkK5AeLvI,@Ailton-i6r,ğŸ˜Š eu nÃ£o acho Ã© certeza,2,2025-04-03T00:24:33Z
dhYkK5AeLvI,@LuaraFernandes-q9t,Tudo bem me dÃ¡ um tÃªnis desse eu moro aqui na emecal e tambÃ©m Ã© uma casa com nÃºmero e o nÃºmero da minha casa 88 rua manoel vaz silva,1,2025-03-24T12:52:09Z
dhYkK5AeLvI,@daniellesantana262,VocÃª quase sempre ganha nos desafios,1,2025-03-22T01:27:29Z
dhYkK5AeLvI,@daniellesantana262,Ah o seu nome Ã© Anninha Agora eu entendi porque tava escrito aqui quando acabou o desenho eu amei seu vÃ­deo viu parabÃ©ns EsforÃ§ou muito eu tava torcendo por vocÃª,1,2025-03-22T01:27:06Z
dhYkK5AeLvI,@daniellesantana262,Eu estou torcendo pra vocÃª menina de sapato azul preto eu esqueci seu nome Ã© porque eu comecei assistir seus vÃ­deosno ano passado ainda nÃ£o sei qual Ã© o seu nome,1,2025-03-22T01:26:27Z
dhYkK5AeLvI,@daniellesantana262,Eu estou torcendo pra vocÃª menina de sapato azul preto eu esqueci seu nome Ã© porque eu comecei assistir seus vÃ­deosno ano passado ainda nÃ£o sei qual Ã© o seu nome,12,2025-03-22T01:19:22Z
dhYkK5AeLvI,@briincaandocomjuju,Oi aninha me dÃ¡ um tÃªnis te sigo,2,2025-03-21T00:15:26Z
dhYkK5AeLvI,@DiraAraujo-q6i,ğŸ˜®ğŸ‰â¤â¤â¤â¤â¤â¤6,1,2025-03-15T16:53:36Z
dhYkK5AeLvI,@esther_Martins-g2s,Oi anninha,1,2025-03-14T23:18:39Z
dhYkK5AeLvI,@katiaribeiro5068,Aninha nÃ£o sei como Ã© que tu nÃ£o caiu ainda Aninha amo,1,2025-03-06T18:26:40Z
dhYkK5AeLvI,@VitoriaSantos-xh5oy,Clarice para vocÃª conseguir andar com esse tÃªnis de rodinha vocÃª precisa correr primeiro e depois ensinar o pÃ© para rodinha funcionar porque senÃ£o vocÃª vai acabar caindo se machucando,1,2025-02-24T16:16:28Z
dhYkK5AeLvI,@ZeuzimarCoelho,Eu te amo muito â¤,1,2025-02-21T00:49:05Z
dhYkK5AeLvI,@IsaSilva-n7k,Eu quero o tÃªnis d aninha eu vou querer,1,2025-02-20T14:48:57Z
dhYkK5AeLvI,@vitÃ³ria-s6d,Aninha vc Ã© ex do enaldinho?,2,2025-02-13T21:48:41Z
dhYkK5AeLvI,@Heloisa-q1y,Por que vocÃª nÃ£o grava mas com o enaldinho,2,2025-02-11T04:08:54Z
dhYkK5AeLvI,@rayanerafaeltimoteo4680,Aninha vocÃª tirou vocÃª tirou mais raro,3,2025-02-08T01:53:21Z
dhYkK5AeLvI,@luciamartins9614,Meus.  pais.  acham.  muito. caro o seu. ğŸ‘Ÿ   e. eu.  queria o de rodinha infantil. tamanho  37,2,2025-02-04T23:51:44Z
dhYkK5AeLvI,@luciamartins9614,Anninha.  como. faser   para. comprar.  um. tÃªnis ğŸ‘Ÿ   igual. o. seu?? procurei. na. â‚©i. -fi.  e.  nÃ£o. achei.ğŸ˜¢,1,2025-02-04T23:42:04Z
dhYkK5AeLvI,@francianenascimento3026,Vende na loja,1,2025-02-04T19:00:42Z
dhYkK5AeLvI,,Aninha vocÃª ainda estÃ¡ namorando o enaldinho,2,2025-01-30T23:52:18Z
dhYkK5AeLvI,@ELOAMayane-ne3vj,Aninha comida um tÃªnis desse para mim fazendo favor Ã© que eu quero um tÃªnis desse que eu tenho que ir para escola minha escola Ã© longe daÃ­ eu preciso de um patins imagem de um tÃªnis patins na verdade,3,2025-01-30T23:06:44Z
dhYkK5AeLvI,@emillylindinha-o7h,Cade anjnha o tenis,1,2025-01-30T16:16:21Z
dhYkK5AeLvI,@malulu17,AÃ­ eu quero comprar mais quando minha mÃ£e ter dinheiro eu vou comprar,2,2025-01-28T13:05:02Z
dhYkK5AeLvI,@dilenerabelo9571,Te amo aninhaâ¤,2,2025-01-25T22:25:05Z
dhYkK5AeLvI,@CarlaVeras-s6l,Eu  sempre  quis    um  tÃªnis da  aninha,1,2025-01-25T03:43:27Z
dhYkK5AeLvI,@AntonielyDaCunhaBraga,Aninha o seu tÃªnis vem com a rodinha,2,2025-01-23T17:23:39Z
dhYkK5AeLvI,@BernardoEugenio-q5t,"ESA    IMAGEN   DO    TRAVESSÃƒO     FOI   FEIQUE     VOCÃŠ    PENSOU  QUE   IA   MINGANAR,",1,2025-01-23T12:29:07Z
dhYkK5AeLvI,@MariaAlbino-p6b,tiamo maravilhosa â¤â¤â¤,2,2025-01-22T17:29:52Z
dhYkK5AeLvI,@adrianelopes4283,Aninha me dÃ¡ um tÃªnis igual esse de graÃ§a,1,2025-01-22T02:31:54Z
dhYkK5AeLvI,@francielesoares7983,Anninha eu jÃ¡ pedi  um tÃªnis desse dinatalâ¤â¤ğŸ˜„ğŸ˜ŠğŸ˜˜,2,2025-01-19T19:11:05Z
dhYkK5AeLvI,@malumendesmarques2310,NÃ£o querendo ofender Ã© claro,3,2025-01-18T17:37:04Z
dhYkK5AeLvI,@malumendesmarques2310,A aninha tinha vantagem no Ãºltimo Desafio por que os tÃªnis geralmente sÃ£o resistente como o da Anninha,7,2025-01-18T17:36:49Z
dhYkK5AeLvI,@portoCecilia,A fita da aninha nÃ£o tinha acabado,1,2025-01-12T20:00:21Z
dhYkK5AeLvI,@PedroLeite-os4cy,Aninha vocÃª pergunta para vocÃª mas vocÃª nunca responde vocÃª terminou com enaldinho vocÃª nÃ£o grava mais junto vocÃª nÃ£o faz mais nada junto nÃ£o posta shorts nÃ£o passa nada vocÃªs terminaram me responde por favor sou muito seu fÃ£,3,2025-01-12T12:19:41Z
dhYkK5AeLvI,@Fredfag100,"Anninha duvido vc faser  um video  de bike 1,10,100 e1000$   um dos meus sohnos Ã© te conhecer",1,2025-01-09T19:40:50Z
dhYkK5AeLvI,@RaquekLuiza,TENIS da ania<br><br><br>ha,1,2025-01-08T13:23:38Z
dhYkK5AeLvI,@JuViganigo,Eu amo vocÃª Ã© uma pessoa muito legal tÃ¡ eu vou ter que ser rÃ¡pido porque o meu pai Larissa nÃ£o deixa mas eu amo vocÃªsâ¤â¤â¤â¤â¤â¤ğŸ˜ eu amo vocÃª estÃ¡ eu amo vocÃª de coraÃ§Ã£oğŸ˜…ğŸ˜…ğŸ˜…ğŸ˜…ğŸ˜…ğŸ˜…ğŸ˜…ğŸ˜…,1,2025-01-04T19:34:21Z
dhYkK5AeLvI,@sueliluvizotto572,Adorei o tÃªnis da anninha,1,2025-01-03T15:05:50Z
dhYkK5AeLvI,@JoyceOliveira-sj4qf,ğŸ˜€â€”â€”â€”â€”â€”â€”â€”â€”-ğŸ«µ,2,2025-01-03T01:18:39Z
dhYkK5AeLvI,@alicerangel5066,Eu vou  comprar  o  tÃªnis ğŸ‘Ÿ   meu  nome  Ã©  Luiza  â¤ vou  ver  ce minha  mÃ£e  vai  comprar â¤,1,2025-01-02T21:04:12Z
dhYkK5AeLvI,@Ezequiel-t7q9z,Anninha cadÃª o  enaldinho,4,2025-01-02T02:18:16Z
dhYkK5AeLvI,@Camamelo,Aninha sÃ³ amanhÃ£ vou no canal e um dia meu sonho Ã© te conhecer saudade beijos Sofia vÃ­deoâ¤â¤â¤â¤â¤,6,2024-12-31T03:12:36Z
dhYkK5AeLvI,@erliantes5508,O JAZZGHOST Ã‰ O PIORY,1,2024-12-29T18:58:00Z
dhYkK5AeLvI,@brayanricobh4,anninha ainda estÃ¡ namorando com enaldinho?,5,2024-12-29T18:33:16Z
dhYkK5AeLvI,@rafaxs11,Tropa De que O JazzGhost Ã‰ melhor--------------ğŸ‘‰,4,2024-12-29T01:21:13Z
dhYkK5AeLvI,@FestivalCrianÃ§as,ANINHA COMPRA PRA MIM POR FAVOR EU SÃ“ tenho 6anos de IDADE,2,2024-12-28T21:27:45Z
dhYkK5AeLvI,@MauricioEKurt,Porque vc nÃ£o grava mais com o Enaldinho?,11,2024-12-28T17:03:35Z
dhYkK5AeLvI,@EvandroEvandrotorresdasilava,Gente alguÃ©m percebeu que a aninha nao estÃ¡ gravando vÃ­deo com o enaldinhoğŸ˜®ğŸ˜¢,3,2024-12-28T13:40:00Z
dhYkK5AeLvI,@eulaliamanhique9890,Como vomcompar,1,2024-12-28T13:34:55Z
dhYkK5AeLvI,@otavioaugustosantos5735,Aninha tem de menino???,2,2024-12-28T12:31:53Z
dhYkK5AeLvI,@EmmanuelEugenio-,Enaldo,2,2024-12-28T09:28:41Z
dhYkK5AeLvI,@carolinadaltro3992,ğŸ˜ŠğŸ˜ŠğŸ˜Š,1,2024-12-27T18:32:58Z
dhYkK5AeLvI,@GabrielMaciel-p3l,â¤â¤â¤â¤â¤,1,2024-12-27T17:35:14Z
dhYkK5AeLvI,@OtiliaSaldanha,Oi anninha tudo bem gosto muito de vc sou inscritaâ¤â¤â¤,12,2024-12-27T16:12:23Z
dhYkK5AeLvI,@JoÃ£o-X-y,Muito bom ese vÃ­deo continue assim,1,2024-12-27T05:26:06Z
dhYkK5AeLvI,@humbertokatoch,SUGESTÃƒO: Gravem com o tÃªnis da Anninha pegando rabeira segurando em uma bicicleta.,4,2024-12-27T04:12:39Z
dhYkK5AeLvI,@lucaspeixoto6221,â¤â¤â¤,2,2024-12-27T02:58:58Z
dhYkK5AeLvI,@LÃ­viaMunhozNazarÃ©,Oi aninha,2,2024-12-27T02:53:40Z
dhYkK5AeLvI,@analuisa6340,Eu quero um tÃªnis seu para mim,2,2024-12-27T02:03:46Z
dhYkK5AeLvI,@micheleemarcelo2404,Eu prefiro 100,2,2024-12-27T02:02:13Z
dhYkK5AeLvI,@micheleemarcelo2404,Eu quero um tÃªnis da anninha De 100,3,2024-12-27T02:01:56Z
dhYkK5AeLvI,@analuisa6340,Aninha tÃªnis jÃ¡ vem com a rodinha,24,2024-12-27T02:00:01Z
dhYkK5AeLvI,@AvÃ´dopimgo,Aninha vocÃª terminou com o enaldinho,2,2024-12-27T01:43:34Z
dhYkK5AeLvI,@igoropschg,Terminou com o Enaldinho?,2,2024-12-27T01:35:46Z
dhYkK5AeLvI,@EduardoCostapinheiro,CADE O ENALDINHO ğŸ˜Š,2,2024-12-27T00:38:29Z
dhYkK5AeLvI,@erickmartins4233,Me nota por favor aninha,4,2024-12-27T00:35:38Z
dhYkK5AeLvI,@BryanTerres-m5i,ğŸ˜¢,1,2024-12-26T23:58:39Z
dhYkK5AeLvI,@fabiorios1975,â¤â¤â¤ğŸ‰ğŸ‰ğŸ‰ğŸ‰,1,2024-12-26T23:37:01Z
dhYkK5AeLvI,@fabiocosta-b1d,Eu duvido vc fazer um vÃ­deo de ( Carmed de 1 10 e 100 reais,3,2024-12-26T23:17:02Z
dhYkK5AeLvI,@floraplayer14,Primeiraaaaaaaaaaaaaaaaaaa,2,2024-12-26T22:19:18Z
dhYkK5AeLvI,@canalzack1581,85% vai me ignorar<br>15% vai me ajudar<br><br>NUNCA VOU DESISTIRğŸ¤©ğŸ¤©ğŸ¤©ğŸ¤©,13,2024-12-26T22:18:40Z
dhYkK5AeLvI,@samanthaguerra8867,Eu vou ganhar o de 100â¤â¤â¤,5,2024-12-26T22:12:57Z
dhYkK5AeLvI,@fabiorios1975,Esses tÃªnis sÃ£o lindos!!â¤â¤â¤,7,2024-12-26T22:09:44Z
dhYkK5AeLvI,@SLEEP-FOV,Desculpa o atraso de 3 minutos ğŸ˜Š,1,2024-12-26T22:03:10Z
dhYkK5AeLvI,@gabrielsantanaefamilia,O tÃªnis de 100 Ã© muito top eu tenho um Ã© sensacional,11,2024-12-26T22:02:28Z
dhYkK5AeLvI,@Babiiiw,Cheguei cedoğŸ˜Š pode fixa?,7,2024-12-26T22:01:33Z
dhYkK5AeLvI,@RodrÃ­guezrodrigorodrigo12,ğŸ˜Šâ¤ğŸ˜Šâ¤ğŸ˜Š,1,2024-12-26T22:01:20Z
12cHSEVdmqc,@PedroHenrique-j5f3p,Aninha eu sou muito seu fÃ£ me dÃ¡ um salveğŸ‰,0,2025-06-03T21:29:46Z
12cHSEVdmqc,@JoÃ£oLucas-j7q7z,"<a href=""https://www.youtube.com/watch?v=12cHSEVdmqc&amp;t=28"">0:28</a>",1,2025-05-28T16:39:55Z
12cHSEVdmqc,@JoÃ£oLucas-j7q7z,Como assim foi fofo ğŸ˜ğŸ©·,1,2025-05-28T16:39:50Z
12cHSEVdmqc,@DulcidioOliveiraCostaNetoDulci,Aninha porque vc n faz um esconde esconde pela cidade inteira com fotos com seus amigos â¤,0,2025-04-24T12:05:43Z
12cHSEVdmqc,@rosameneck1334,VocÃª Ã© louco nÃ£o compenÃ§a,0,2025-03-26T19:38:03Z
12cHSEVdmqc,@rosameneck1334,NÃ£o quero ver vÃ­deo passando aÃ­ vocÃª Ã© louco vocÃª passar todo dia 6 24 horas todo dia,0,2025-03-26T19:35:47Z
12cHSEVdmqc,@tom_filhofÃ£-p3s,"Aninha aquele aviÃ£o que apareceu Ã© o aviÃ£o que apareceu no vÃ­deo de Enaldinho  apareceu o happy <a href=""https://www.youtube.com/watch?v=12cHSEVdmqc&amp;t=320"">5:20</a>",2,2025-02-12T15:20:01Z
12cHSEVdmqc,@KauaniMikaeli,Que bonito o ponei,3,2025-01-28T14:15:31Z
12cHSEVdmqc,@isadoraborges8757,â¤ğŸ‰ğŸ˜ŠğŸ˜ğŸ¥°â˜ºï¸ğŸ˜ŠğŸ¤­ğŸ˜·ğŸ‘ğŸ‘,1,2025-01-21T21:16:25Z
12cHSEVdmqc,@lucaspeixoto6221,"ParabÃ©ns pelos 19 milhÃµes de inscritos, Anninha ğŸ‰â¤",2,2025-01-21T00:05:04Z
12cHSEVdmqc,@lucaspeixoto6221,â¤â¤â¤,2,2025-01-21T00:04:40Z
12cHSEVdmqc,@K9ffsonhado,Manda salve,1,2025-01-20T20:35:25Z
12cHSEVdmqc,@daiaraalves-kw7xk,Tem uma pessoa querendo namorar com O Ednaldo,3,2025-01-20T12:43:05Z
12cHSEVdmqc,@Marialuzimeire,Gente cade anninha com o enaldinho,2,2025-01-19T01:09:04Z
12cHSEVdmqc,@humbertokatoch,faz desenhos no chÃ£o com mosaico de azulejos ou pedras coloridas (o problema Ã© se um maluco retirar a pedra do chÃ£o e tacar em alguÃ©m),2,2025-01-18T20:53:49Z
12cHSEVdmqc,@humbertokatoch,"coloca papel de parece ou adesivo figurativo nas paredes de alguns ambientes, as vezes fica mais barato, mais bonito, e mais resistente que uma pintura tradicional, (o problema do adesivo Ã© que pode danificar a parede se precisar remover). se for pintar, tem que envernizar depois com algumas camadas",2,2025-01-18T20:44:46Z
12cHSEVdmqc,@humbertokatoch,"na Ã¡rea dos animais, vocÃªs vÃ£o caracterizar o ambiente com madeira ou com pintura realista rÃºstica?",2,2025-01-18T20:03:30Z
12cHSEVdmqc,@humbertokatoch,as pedras no chÃ£o Ã© para evitar a lama?,2,2025-01-18T19:55:43Z
12cHSEVdmqc,@humbertokatoch,a recepÃ§Ã£o desse lugar Ã© um container?,1,2025-01-18T19:53:22Z
12cHSEVdmqc,@Alicevlogs9,"Anninha me nota,eu te amoâ¤â¤",1,2025-01-18T19:48:29Z
12cHSEVdmqc,@suilaneairesasevedo5096,Aninha por que vocÃª nÃ£o grava mais vÃ­deo kkk <br>Kkkkkkkkkkkkkk ğŸ˜‚ğŸ˜‚<br>Kk e nÃ£o tem nada kkkkkk ğŸ˜‚ğŸ˜‚<br>SÃ³ fÃ© <br>NÃ£o sei kkkk ğŸ¤ª ğŸ˜‚ğŸ˜‚ğŸ˜‚ğŸ˜‚ğŸ˜‚ğŸ˜‚ğŸ˜‚ğŸ˜‚ğŸ˜‚ğŸ˜‚ğŸ˜‚kkkkkkkkkkkk ğŸ˜‚ğŸ˜‚ğŸ˜‚ğŸ˜‚ğŸ˜‚ğŸ˜‚ğŸ˜‚ğŸ˜‚ğŸ¤£ğŸ¤£ğŸ¤£ğŸ¤£ğŸ¤£ğŸ¤£ğŸ¤£ğŸ¤£ğŸ¤£ğŸ¤£,0,2025-01-18T17:50:25Z
12cHSEVdmqc,@MarcosAntÃ´nioAlmeida-y3p,Anninha vc Ã© incrÃ­vel â¤ï¸â¤ï¸ me nota pfv,2,2025-01-18T16:26:57Z
12cHSEVdmqc,@RosemeriDeGoesMartins,Aurora era o nome da minha bisağŸ˜¢,1,2025-01-17T18:23:35Z
12cHSEVdmqc,@Gabirian-x5e,"<a href=""https://www.youtube.com/watch?v=12cHSEVdmqc&amp;t=190"">3:10</a> muito bom a crarissaâ¤â¤",5,2025-01-17T03:10:49Z
12cHSEVdmqc,@Gabirian-x5e,ParabÃ©ns anninha pelos 19 milhÃµes de escritos vc mereceâ¤â¤,2,2025-01-17T02:57:03Z
12cHSEVdmqc,@Gabirian-x5e,ğŸ‰ğŸ‰ğŸ‰ğŸ‰,2,2025-01-17T02:51:59Z
12cHSEVdmqc,@fabiorios1975,â¤â¤ğŸ‰ğŸ‰ğŸ‰,3,2025-01-16T23:57:01Z
12cHSEVdmqc,@VictorHenriqueBarbosadia-wz6cp,Aninha vocÃª falou nÃ£o se chama mini vaca se chama bezerro e bezerra,5,2025-01-16T22:41:29Z
12cHSEVdmqc,@casildarocas1343,â¤â¤â¤,4,2025-01-16T22:31:46Z
12cHSEVdmqc,@canalzack1581,85% vai me ignorar<br>15% vai me ajudar<br><br>NUNCA VOU DESISTIRğŸ¤©,8,2025-01-16T22:27:14Z
12cHSEVdmqc,@danyellecastro4775,Oi aninha sou sua fÃ£ assistiu seus vÃ­deos todo dia  eu queria muito teu tÃªnis eu Moro no MaranhÃ£o na cidade sÃ£o benedito do rio preto por favor na casa1146 enfrente ao campo de futebol me responde vem nesse ano,3,2025-01-16T22:24:59Z
12cHSEVdmqc,@Yasmimmeireles-f8u,ParabÃ©ns aninha,3,2025-01-16T22:20:47Z
12cHSEVdmqc,@FerreiraCarneiro-j6u,Oi aninha â¤,3,2025-01-16T22:13:13Z
12cHSEVdmqc,@ademir.rlk1,Parabens pelos 19 milhoes e porfavor da coraÃ§ao. ğŸ˜ğŸ˜ğŸ˜,5,2025-01-16T22:12:58Z
12cHSEVdmqc,@lorysinha,má¥± á¥’á¥†ğ—á¥² á¥²á¥’á¥’Ñ–á¥’Ò»á¥² sá¥†á¥™ sá¥™á¥² ğ–¿á¥²Ìƒ á¥’á¥™Ìmá¥±rá¥†.1 á¥±á¥™ á¥²má¥†á¥™ sá¥±á¥™s á¥Ñ–Ìáƒ«á¥±á¥†s sá¥²Ìƒá¥† má¥±á¥™s ğ–¿á¥²á¥á¥†rÑ–ğ—á¥†s. ğŸ¥°ğŸ¥°ğŸ¥°,4,2025-01-16T22:08:19Z
12cHSEVdmqc,@gessicagessica2848,Aninha por que vocÃª nÃ£o grava mais vÃ­deo com enaldinho tÃ´ assistindo com tanta falta dele e ele nÃ£o grava mais vÃ­deos com vocÃªğŸ˜¢,17,2025-01-16T22:07:19Z
12cHSEVdmqc,@cassiofarache5623,Primeiro parabÃ©ns anninha pelos seus 19 milhÃµes ğŸ‰,4,2025-01-16T22:03:29Z
12cHSEVdmqc,@Daviguerra-k12,Por e-mail,3,2025-01-16T22:00:59Z
12cHSEVdmqc,@JosefaMartins-w7y,Primeira a Chegar,5,2025-01-16T22:00:45Z
pXKiv0OiSjY,@rodrigopenteadodopradojuni5367,VocÃª Ã© muito importante ğŸ‰,0,2025-07-09T15:40:40Z
pXKiv0OiSjY,@WilkerAparecido-l4g,Aninha eu sou sua fÃ£ favorita vocÃª Ã© minha personagemâ¤â¤ğŸ‰ğŸ‰ğŸ˜®,0,2025-07-02T19:14:48Z
pXKiv0OiSjY,@WilkerAparecido-l4g,Aninha vocÃª Ã© minha seguidora favoritaâ¤â¤ğŸ‰ğŸ‰ğŸ˜®,0,2025-07-02T19:14:03Z
pXKiv0OiSjY,@marisaalves6707,Eu estou enteragindo ğŸ˜­ğŸ˜ğŸ¥°ğŸ˜™ğŸ˜˜ğŸ˜šğŸ‘¾ğŸ¤£ğŸ˜€ğŸ˜€ğŸ˜ƒğŸ˜„ğŸ˜„ğŸ˜ğŸ˜†ğŸ˜…ğŸ˜‰ğŸ˜—ğŸ˜™ğŸ˜šğŸ˜˜ğŸ¥°ğŸ˜ğŸ¤©ğŸ™ƒğŸ™‚ğŸ˜›ğŸ˜ğŸ˜œğŸ¤ªğŸ¥´ğŸ˜”ğŸ¥ºğŸ˜¬,0,2025-06-19T13:02:37Z
pXKiv0OiSjY,@isabelli001ll,Eu achei esse vÃ­deo muito lindo e eu amei esse vÃ­deo,0,2025-06-16T10:30:59Z
pXKiv0OiSjY,@ryanGabriel-q5d,ğŸ‰ğŸ‰ğŸ‰ğŸ‰,0,2025-06-14T01:51:12Z
pXKiv0OiSjY,@ryanGabriel-q5d,ğŸ‰ğŸ‰ğŸ‰,0,2025-06-14T01:35:05Z
pXKiv0OiSjY,@ninina5452,"<a href=""https://www.youtube.com/watch?v=pXKiv0OiSjY&amp;t=799"">13:19</a> ğŸ˜„felizğŸ¤£rindoğŸ˜­choroğŸ¥°amo    vocÃªğŸ¤©incrivelğŸ¤‘ricoğŸ¥²lindo...ğŸ˜vila otimağŸ˜ameiiiiğŸ˜…nÃ£o era maldadeğŸ˜‹delÃ­ciağŸ™„debocheğŸ¤«silÃªncio !ğŸ˜‡anjoğŸ¥ºpor favorğŸ˜˜beijinhoğŸ¤®vomitandoğŸ¤’estou  doenteğŸ¥³ feliz,aniversÃ¡rioğŸ¤—abraÃ§o. <br> fin",2,2025-04-21T23:42:38Z
pXKiv0OiSjY,@ninina5452,"ğŸ˜Š <a href=""https://www.youtube.com/watch?v=pXKiv0OiSjY&amp;t=27"">0:27</a> ğŸ˜ŠğŸ˜Š <a href=""https://www.youtube.com/watch?v=pXKiv0OiSjY&amp;t=29"">0:29</a> ğŸ˜Š <a href=""https://www.youtube.com/watch?v=pXKiv0OiSjY&amp;t=30"">0:30</a> ğŸ˜Š <a href=""https://www.youtube.com/watch?v=pXKiv0OiSjY&amp;t=30"">0:30</a> ğŸ˜Š <a href=""https://www.youtube.com/watch?v=pXKiv0OiSjY&amp;t=31"">0:31</a> ğŸ˜Š <a href=""https://www.youtube.com/watch?v=pXKiv0OiSjY&amp;t=32"">0:32</a> ğŸ˜Š <a href=""https://www.youtube.com/watch?v=pXKiv0OiSjY&amp;t=33"">0:33</a> ğŸ˜ŠğŸ˜Š <a href=""https://www.youtube.com/watch?v=pXKiv0OiSjY&amp;t=35"">0:35</a> ğŸ˜ŠğŸ˜ŠğŸ˜ŠğŸ˜ŠğŸ˜Š <a href=""https://www.youtube.com/watch?v=pXKiv0OiSjY&amp;t=38"">0:38</a>",1,2025-04-21T23:16:27Z
pXKiv0OiSjY,@rafaelbaiano4803,â¤â¤â¤â¤â¤â¤â¤â¤â¤â¤â¤â¤â¤â¤â¤â¤â¤â¤deus te abenÃ§oe â¤â¤â¤â¤ğŸ™ğŸ™ğŸ™ğŸ™ğŸ™ğŸ™ğŸ™ğŸ™ğŸ™ğŸ™ğŸ™ğŸ™ğŸ™ğŸ™ğŸ™ğŸ™ğŸ™ğŸ™,0,2025-04-19T13:37:12Z
pXKiv0OiSjY,@rafaelbaiano4803,Sou muito sua fÃ£,0,2025-04-19T13:34:32Z
pXKiv0OiSjY,@netocorretordeimoveis4761,Que produto legal â¤ amei vou comprar com certeza,0,2025-04-16T23:49:24Z
pXKiv0OiSjY,@fabiabatistadeoliveira5427,Faz um vÃ­deo adotando todos os Petes da rua meu senha do estar todos os gatinhos de rua beijos sou muito sua fÃ£,0,2025-03-28T17:04:03Z
pXKiv0OiSjY,@solzasou,eu odeio essas pessoas com cara de idoso querendo fazer voz de crianÃ§a,1,2025-03-24T14:34:43Z
pXKiv0OiSjY,@Lolozinha-shorts-i6b,"Aninha, sou MUITO sua fÃ£!; poderia me fixar?? â¤â¤",1,2025-03-04T20:38:12Z
pXKiv0OiSjY,@arthurloiola2504,aninha vc Ã© muito legal,1,2025-02-09T02:07:53Z
pXKiv0OiSjY,@pedroalcantara123pa,â¤â¤â¤â¤â¤â¤â¤â¤â¤â¤â¤â¤â¤â¤â¤â¤â¤â¤â¤â¤â¤â¤â¤â¤â¤â¤â¤â¤â¤â¤â¤â¤â¤â¤â¤â¤â¤â¤â¤â¤â¤â¤â¤â¤â¤â¤â¤â¤ eu sou muito fÃ£ do seu sapato de rodinhağŸ˜‚ğŸ˜‚ğŸ˜‚ğŸ˜‚ğŸ˜‚ğŸ˜‚â¤â¤â¤ğŸ˜‚ğŸ˜ŠğŸ˜ŠğŸ˜ŠğŸ˜ŠğŸ˜ŠğŸ˜ŠğŸ˜Š,2,2025-02-07T20:29:09Z
pXKiv0OiSjY,@anapenetra6647,Amo-te Anhinha,2,2025-02-07T08:20:35Z
pXKiv0OiSjY,@anapenetra6647,Anhinha,2,2025-02-07T08:19:23Z
pXKiv0OiSjY,@LaviniaGonÃ§alves-o2x,Aninha onde que vocÃª mora para mim poder ir na sua loja,1,2025-02-04T19:17:59Z
pXKiv0OiSjY,@mjnomundodosjogos,Aninha eu sou sua fÃ£ desde de 2019 e do Enaldinho â¤â¤â¤â¤â¤â¤â¤â¤â¤â¤ğŸ˜‚ğŸ˜‚â¤â¤ğŸ˜‚ğŸ˜‚ğŸ˜‚ğŸ˜‚ğŸ˜‚ğŸ˜‚ğŸ˜‚â¤â¤ğŸ˜‚ğŸ˜‚â¤ğŸ˜‚ğŸ˜‚â¤ğŸ˜‚â¤ğŸ˜‚ğŸ˜‚â¤ğŸ˜‚â¤ğŸ˜‚â¤ğŸ˜‚ğŸ˜‚â¤ğŸ˜‚â¤ğŸ˜‚â¤ğŸ˜‚â¤â¤ğŸ˜‚â¤ğŸ˜‚â¤ğŸ˜‚ğŸ˜‚â¤ğŸ˜‚â¤ğŸ˜‚â¤ğŸ˜‚â¤ğŸ˜‚ğŸ˜‚â¤ğŸ˜‚â¤ğŸ˜‚â¤ğŸ˜‚â¤ğŸ˜‚ğŸ˜‚â¤ğŸ˜‚â¤ğŸ˜‚â¤ğŸ˜‚â¤ğŸ˜‚â¤ğŸ˜‚â¤ğŸ˜‚â¤ğŸ˜‚â¤ğŸ˜‚â¤â¤ğŸ˜‚ğŸ˜‚â¤ğŸ˜‚ğŸ˜‚â¤ğŸ˜‚ğŸ˜‚â¤â¤ğŸ˜‚â¤ğŸ˜‚â¤ğŸ˜‚â¤ğŸ˜‚â¤ğŸ˜‚â¤ğŸ˜‚â¤ğŸ˜‚â¤ğŸ˜‚â¤ğŸ˜‚â¤ğŸ˜‚ğŸ˜‚â¤ğŸ˜‚â¤ğŸ˜‚â¤ğŸ˜‚â¤â¤ğŸ˜‚ğŸ˜‚â¤ğŸ˜‚ğŸ˜‚â¤ğŸ˜‚â¤ğŸ˜‚ğŸ˜‚â¤ğŸ˜‚â¤ğŸ˜‚ğŸ˜‚â¤ğŸ˜‚â¤ğŸ˜‚â¤ğŸ˜‚â¤ğŸ˜‚â¤ğŸ˜‚ğŸ˜‚â¤ğŸ˜‚â¤ğŸ˜‚â¤ğŸ˜‚â¤ğŸ˜‚â¤ğŸ˜‚ğŸ˜‚â¤ğŸ˜‚â¤ğŸ˜‚â¤ğŸ˜‚â¤ğŸ˜‚â¤ğŸ˜‚â¤ğŸ˜‚â¤ğŸ˜‚â¤ğŸ˜‚â¤ğŸ˜‚â¤ğŸ˜‚â¤ğŸ˜‚â¤ğŸ˜‚â¤ğŸ˜‚ğŸ˜‚â¤ğŸ˜‚â¤ğŸ˜‚ğŸ˜‚ğŸ˜‚ğŸ˜‚â¤ğŸ˜‚â¤ğŸ˜‚â¤ğŸ˜‚ğŸ˜‚â¤ğŸ˜‚â¤ğŸ˜‚â¤ğŸ˜‚â¤ğŸ˜‚â¤ğŸ˜‚ğŸ˜‚ğŸ˜‚â¤ğŸ˜‚ğŸ˜‚â¤ğŸ˜‚ğŸ˜‚â¤ğŸ˜‚â¤ğŸ˜‚â¤â¤ğŸ˜‚ğŸ˜‚â¤ğŸ˜‚â¤ğŸ˜‚â¤ğŸ˜‚â¤ğŸ˜‚â¤ğŸ˜‚â¤ğŸ˜‚â¤ğŸ˜‚â¤ğŸ˜‚ğŸ˜‚â¤ğŸ˜‚â¤ğŸ˜‚â¤ğŸ˜‚ğŸ˜‚ğŸ˜‚â¤ğŸ˜‚â¤ğŸ˜‚POR FAVOR ME DAAAAAğŸ˜¢,1,2025-02-01T21:09:47Z
pXKiv0OiSjY,@MAR451,Eu quero 2.000 aninha manda para mim para eu faze umas compras pars minha vÃ³ â¤â¤â¤,1,2025-02-01T16:41:42Z
pXKiv0OiSjY,@MAR451,â¤â¤â¤â¤â¤â¤â¤â¤â¤â¤â¤â¤,1,2025-02-01T16:28:01Z
pXKiv0OiSjY,@tonizandevill,Aninha gostaria muito de te ver e participar num vÃ­deo teu,1,2025-02-01T13:10:54Z
pXKiv0OiSjY,@tonizandevill,"Aninha, me note por favor",1,2025-02-01T13:10:29Z
pXKiv0OiSjY,@tonizandevill,Aninha gosto muito de vocÃª.,1,2025-02-01T13:10:15Z
pXKiv0OiSjY,@tonizandevill,"Aninha, os produtos da tua loja sÃ£o incrÃ­veis",2,2025-02-01T13:09:59Z
pXKiv0OiSjY,@tonizandevill,"Aninha parabÃ©ns pelo vÃ­deo, ficou muito legal",1,2025-02-01T13:09:42Z
pXKiv0OiSjY,@ClebinhoRebaixado,oi <br>oi<br>oi<br>oi<br>io,1,2025-01-30T20:18:11Z
pXKiv0OiSjY,@GTGomes,"ğ€ğ§ğ¢ğ§ğ¡ğš ğšğ¦ğğ¢ ğ¬ğ®ğš ğ¥ğ¨ğ£ğš ğğ ğ¯ğğ ğğ¬ğ­ğ¨ğ® ğ«ğğŸğ¨ğ«ğ¦ğšğ§ğğ¨ ğ¦ğğ® ğªğ®ğšğ«ğ­ğ¨ ğ ğŸğ¢ğœğšğ«ğ¢ğš ğŸğğ¥ğ¢ğ³ ğ¬ğ ğ¦ğ ğ§ğ¨ğ­ğšğ¬ğ¬ğ ,ğšğ¦ğ¨ ğ¯ğœ ğ ğ¬ğğ® ğœğšğ§ğšğ¥ ğ¯ğœ ğ ğ›ğğ¦ ğ¥ğğ ğšğ¥ ğ ğğ¢ğ¯ğğ«ğ­ğ¢ğğš â¤ğ„ ğ¢ğ¬ğ¬ğ¨ ğ›ğ£ğ¬ğ¬ğ¬ â¤â¤â¤â¤ğŸ¥°ğŸ¥°ğŸ˜˜ğŸ˜˜ğŸ˜ğŸ˜ğŸ˜",1,2025-01-30T19:58:29Z
pXKiv0OiSjY,@AnaJÃºliaJusten,OiğŸ’¯ğŸ’¯ğŸ’¯ğŸ’¯ğŸ’¯ğŸ’¯ğŸ’¯ğŸ’¯ğŸ’¯ğŸ’¯,2,2025-01-30T18:56:50Z
pXKiv0OiSjY,@RayssaMoreira-fh8xw,Eu estou interagindo muitooooooooâ¤â¤â¤,2,2025-01-30T13:37:30Z
pXKiv0OiSjY,@Matheuzinn39,Anninha vocÃª ainda namora com o Enaldinho?,3,2025-01-30T00:49:11Z
pXKiv0OiSjY,@Iuchw,ammmmei o vidio os melhor que ja viiiiiiii ameiiiiiiii lindaaaaaaaaaaaaaaaaaaaaaaaaaaaaaaaaaaaaaa,2,2025-01-29T17:57:46Z
pXKiv0OiSjY,@marcosmiguelreis-c7l,vc merece ğŸ˜ğŸ˜,1,2025-01-29T17:14:59Z
pXKiv0OiSjY,@renatafelix1812,ğ“ğ“·ğ“²ğ“·ğ“±ğ“ª ğ“¹ğ“¸ğ“»ğ“ºğ“¾ğ“® ğ“¸ ğ“®ğ“·ğ“ªğ“µğ“­ğ“²ğ“·ğ“±ğ“¸. ğ“ ğ“ªğ“¹ğ“ªğ“»ğ“®ğ“¬ğ“® ğ“¶ğ“ªğ“¼ ğ“·ğ“¸ğ“¼ ğ“¼ğ“®ğ“¾ğ“¼ ğ“¿ğ“²ğ“­ğ“®ğ“¸ğ“¼. ğ“Ÿğ“¸ğ“» ğ“¬ğ“¾ğ“»ğ“²ğ“¸ğ“¼ğ“²ğ“­ğ“ªğ“­ğ“® ğ“· ğ“½ğ“®ğ“·ğ“±ğ“¸ ğ“¬ğ“¸ğ“·ğ“½ğ“ª ğ“®  ğ“¾ğ“¼ğ“¸ ğ“ª ğ“­ğ“ª ğ“¶ğ“²ğ“·ğ“±ğ“ª ğ“¶ğ“ªğ“® ğ“½ğ“®ğ“·ğ“±ğ“¸ 9 ğ“ªğ“·ğ“¸ğ“¼,1,2025-01-29T12:31:51Z
pXKiv0OiSjY,@YAGODOPLAY777,VocÃª Ã© o melhor de todas esse vÃ­deo eu amei Ã© muito legal pode dar esse vale e compra 2000 pra mim 2000 BRL por favor ninho eu sou muito fÃ£ de vocÃª eu dei like eu voltando likes todos os vÃ­deos que vocÃª tem agora amÃ©m vocÃª Ã© nome de Jesus Ã© a melhor de todos paguei amado abenÃ§oado A minha por favor porque elağŸ‰,3,2025-01-28T20:35:37Z
pXKiv0OiSjY,@lorysinha,Maravilhosa,1,2025-01-28T15:27:58Z
pXKiv0OiSjY,@ChrisleneValariano,Eu moro em bhğŸ‰ğŸ‰ğŸ‰ğŸ‰ğŸ‰ğŸ‰,1,2025-01-28T14:16:23Z
pXKiv0OiSjY,@KauaniMikaeli,Eu amo a sua loja aninha,1,2025-01-28T14:08:50Z
pXKiv0OiSjY,@KauaniMikaeli,Que legal aninha,2,2025-01-28T14:08:21Z
pXKiv0OiSjY,@YstefanyeAndrade,Ananinha sua loja tem aqui no Estado do ParanÃ¡?,1,2025-01-28T13:01:20Z
pXKiv0OiSjY,@luzivaldolopes,â¤â¤â¤â¤â¤â¤â¤<br>Aninha â¤â¤â¤â¤,1,2025-01-28T10:03:37Z
pXKiv0OiSjY,@ryanpachecoyt,â¤ï¸â¤ï¸â¤ï¸,1,2025-01-28T02:59:48Z
pXKiv0OiSjY,@Pedro_nunesa1930,"<a href=""https://www.youtube.com/watch?v=pXKiv0OiSjY&amp;t=21"">0:21</a> <a href=""https://www.youtube.com/watch?v=pXKiv0OiSjY&amp;t=25"">0:25</a>",1,2025-01-28T02:48:07Z
pXKiv0OiSjY,@wagnowernech,MINHA SOBRINHA AMOU! Kkkkkk,2,2025-01-28T02:47:37Z
pXKiv0OiSjY,@fÃ£sdaanninha,Ã“timo vÃ­deo anninha ğŸ˜Š,1,2025-01-28T02:24:14Z
pXKiv0OiSjY,@beatrizalvesmonteiro5592,Eu amei,1,2025-01-28T01:43:29Z
pXKiv0OiSjY,@vivianegarcia1485,Nossa que tÃªnis legal pena que na minha cidade nÃ£o temğŸ˜¢,3,2025-01-28T01:02:41Z
pXKiv0OiSjY,@lucaspeixoto6221,Belo trabalho Anninha ğŸ‰,3,2025-01-28T00:30:32Z
pXKiv0OiSjY,@lucaspeixoto6221,ParabÃ©ns Anninha ğŸ‰ğŸ‰â¤â¤ Vc merece ğŸ‰â¤,3,2025-01-28T00:28:59Z
pXKiv0OiSjY,@erikadeaquino,Bloco da aninha 10 de marÃ§o,4,2025-01-27T23:58:28Z
pXKiv0OiSjY,@AntÃ´niaFerreira-u6f,OlÃ¡! Aninha sempre fui fÃ£ de vocÃª e enaldinho....mais separados ficou sem graÃ§a desculpa e minha opiniÃ£o....Boa sorte! Perdeu pra Larissa ou pra jhessy,3,2025-01-27T22:53:58Z
pXKiv0OiSjY,@alinepaulino1453,"Oi anninha,eu amo seus vÃ­deos,gosto muito de Vicente â¤ğŸ˜Š",2,2025-01-27T22:48:32Z
pXKiv0OiSjY,@renatoschneider7145,cala a boca,1,2025-01-27T22:47:24Z
pXKiv0OiSjY,@Gabirian-x5e,Top,1,2025-01-27T22:45:11Z
pXKiv0OiSjY,@Gabirian-x5e,Como,1,2025-01-27T22:44:28Z
pXKiv0OiSjY,@fabiorios1975,Eu quero um vale compras da loja da AnninhağŸ˜®ğŸ˜®ğŸ˜®ğŸ˜ŠğŸ˜ŠğŸ˜ŠğŸ˜Š,2,2025-01-27T22:43:57Z
pXKiv0OiSjY,@Gabirian-x5e,Ctop,1,2025-01-27T22:43:52Z
pXKiv0OiSjY,@Gabirian-x5e,Te amo muito,1,2025-01-27T22:43:11Z
pXKiv0OiSjY,@Gabirian-x5e,ğŸ‰â¤â¤â¤,1,2025-01-27T22:42:13Z
pXKiv0OiSjY,@Gabirian-x5e,Sou  sua,1,2025-01-27T22:41:23Z
pXKiv0OiSjY,@Guirzt,Anninha adoro seus vÃ­deosâ¤â¤,1,2025-01-27T22:34:34Z
pXKiv0OiSjY,@brunobento8836,Eu comprei um tÃªnis e uma blusa aÃ­ o meu Ã© sacolheiro e passou aÃ­ no shopping e compro fique MT feliz â¤ sou MT sua fÃ£ aninhaâ¤â¤â¤,4,2025-01-27T22:28:38Z
pXKiv0OiSjY,@fabiorios1975,Eu estou interagindo ğŸ˜®ğŸ˜ŠğŸ˜ŠğŸ˜ŠğŸ˜Š,6,2025-01-27T22:25:26Z
pXKiv0OiSjY,@ojamessz,Eu adorei participar â¤â¤,2,2025-01-27T22:22:15Z
pXKiv0OiSjY,@Davy-b8l,Eu jÃ¡ sou inscrito no seu canal por favor me desse desconto por favor quero muito um tÃªnis com a sola Verde ğŸ’šğŸ’šğŸ’šğŸ’šğŸ’šğŸ’šğŸ’šğŸ’šğŸ’šğŸ’šğŸ’šğŸ’šğŸ’šğŸ’šğŸ’šğŸ’šğŸ’šâ¤â¤â¤â¤â¤â¤â¤â¤â¤â¤â¤â¤â¤â¤â¤â¤â¤â¤â¤â¤â¤,1,2025-01-27T22:18:18Z
pXKiv0OiSjY,@ricardinhofut-i5y,Segundoo,1,2025-01-27T22:03:48Z
pXKiv0OiSjY,@LUNANAYRA2,Valeu,2,2025-01-27T22:03:47Z
pXKiv0OiSjY,@anafrancisca1877,Linda demais parabÃ©ns,1,2025-01-27T22:03:16Z
pXKiv0OiSjY,@ZKN3VOGE,Oiii,1,2025-01-27T22:03:12Z
pXKiv0OiSjY,@fabianalucenagomes8575,eu fui a primeiraaaaaa,9,2025-01-27T22:03:08Z
pXKiv0OiSjY,@BrincandocomUzieleFamilia,"â¤â¤â¤â¤â¤ <a href=""https://www.youtube.com/watch?v=pXKiv0OiSjY&amp;t=16"">0:16</a>",1,2025-01-27T22:02:58Z
pXKiv0OiSjY,@hadassahmundopink3979,Primeira s ver e  comentar kkk,2,2025-01-27T22:02:40Z
pXKiv0OiSjY,@marciacristiane6086,Primeiro,1,2025-01-27T22:02:37Z
pXKiv0OiSjY,@hadassahmundopink3979,â¤â¤â¤â¤â¤,2,2025-01-27T22:02:13Z
pXKiv0OiSjY,@emanuelfortunato1845,Primeiro,3,2025-01-27T22:02:13Z
pXKiv0OiSjY,@RodrÃ­guezrodrigorodrigo12,Topâ¤,1,2025-01-27T22:01:20Z
Y9YZ-WuiH-Q,@LuisaPereira-tc3yl,â¤â¤,0,2025-05-26T23:27:57Z
Y9YZ-WuiH-Q,@LunnaRissuti,Kkkkkkkkkk kkkkkkkkkk kkkkkkkkkk kkkkkkkkkk,1,2025-04-18T23:24:30Z
Y9YZ-WuiH-Q,@MariaVernalha,Aninhaâ¤ğŸ‰,2,2025-02-24T23:57:57Z
Y9YZ-WuiH-Q,@NiviaMorreira-kv2fs,Oi me responde,1,2025-02-18T20:21:20Z
Y9YZ-WuiH-Q,@Kaylanmauro-c5d,Anninha vc Ã© muito incrÃ­vel demais mano melhor Youtuber do mundo ğŸ˜‚,1,2025-02-16T01:29:20Z
Y9YZ-WuiH-Q,@andreiajulia1476,Desculpa eu te amoâ¤â¤â¤â¤â¤â¤â¤â¤â¤â¤â¤â¤â¤â¤â¤â¤â¤â¤â¤â¤â¤,2,2025-02-13T14:30:03Z
Y9YZ-WuiH-Q,@andreiajulia1476,SÃ³ vocÃª ganha eu nÃ£o gosto disso eu gosto de vÃ­deos justosâ¤ğŸ¤¬ğŸ¤¬ğŸ¤¬ğŸ¤¬ğŸ¤¬ğŸ¤¬ğŸ¤¬ğŸ¤¬ğŸ¤¬ğŸ¤¬ğŸ¤¬ğŸ¤¬ğŸ¤¬ğŸ¤¬ğŸ¤¬â£ï¸ğŸ«‚,0,2025-02-13T14:29:38Z
Y9YZ-WuiH-Q,@Enaldinhofa-x3i,Aninha e vdd que vc Ã© o enaldinho terminaram sei que vc nÃ£o vai responder mais e sÃ³ uma pergunta algum escrito sabe????,2,2025-02-12T03:16:03Z
Y9YZ-WuiH-Q,@humbertokatoch,SUGESTÃƒO: Quem monta o Ã³culos mais divertido usando sucata. PeÃ§am para os inscritos escolherem o Ã³culos vencedor.,1,2025-02-11T03:05:12Z
Y9YZ-WuiH-Q,@humbertokatoch,SUGESTÃƒO: Quem martela os pregos em menos tentativas.,1,2025-02-11T03:01:36Z
Y9YZ-WuiH-Q,@Gleydssonk-,NÃ£o ne,2,2025-02-11T00:58:35Z
Y9YZ-WuiH-Q,@cidabarbosa4444,Anninha se vc terminou com enaldinho explica pra gente por que,1,2025-02-11T00:02:25Z
Y9YZ-WuiH-Q,@Gabirian-x5e,anninha Ã© verdade que vocÃª e o enaldinho terminaram ğŸ˜¢,5,2025-02-10T23:25:16Z
Y9YZ-WuiH-Q,@Gabirian-x5e,â¤â¤â¤annnin,1,2025-02-10T23:23:38Z
Y9YZ-WuiH-Q,@Gabirian-x5e,â¤â¤â¤â¤â¤ğŸ˜‚ğŸ˜‚ğŸ˜‚ğŸ˜‚,1,2025-02-10T23:22:31Z
Y9YZ-WuiH-Q,@Gabirian-x5e,â¤â¤â¤,1,2025-02-10T23:22:02Z
Y9YZ-WuiH-Q,@Gabirian-x5e,â¤â¤â¤â¤,1,2025-02-10T23:20:29Z
Y9YZ-WuiH-Q,@Gabirian-x5e,ğŸ‰â¤â¤â¤â¤â¤â¤,1,2025-02-10T23:20:04Z
Y9YZ-WuiH-Q,@Gabirian-x5e,â¤â¤,1,2025-02-10T23:18:51Z
Y9YZ-WuiH-Q,@alinepaulino1453,Oi anninhaâ¤â¤â¤,2,2025-02-10T22:36:16Z
Y9YZ-WuiH-Q,@soniarios535,Anninha aventureira â¤,1,2025-02-10T22:35:03Z
Y9YZ-WuiH-Q,@Isinha_fÃ£_da_Kat_e_da_Emilly,Eu cheguei cedoooooo!!!!!,1,2025-02-10T22:18:46Z
Y9YZ-WuiH-Q,@fabiorios1975,â¤â¤â¤,1,2025-02-10T22:05:33Z
Y9YZ-WuiH-Q,@verdammtnochmal401,estÃ¡ atrasada!,2,2025-02-10T22:05:01Z
Y9YZ-WuiH-Q,@allanasantos6244,Amo a aninha,1,2025-02-10T22:04:39Z
Y9YZ-WuiH-Q,@ZKN3VOGE,Primeirooo,1,2025-02-10T22:04:39Z
Y9YZ-WuiH-Q,@floraplayer14,Cheguei com 30 segundos,2,2025-02-10T22:04:37Z
Y9YZ-WuiH-Q,@guhh_editsss,Primeiro,1,2025-02-10T22:04:28Z
Y9YZ-WuiH-Q,@EvelenJesus-s1i,Menota ğŸ˜ŠğŸ˜Šâ¤ğŸ˜ŠğŸ˜Šâ¤ğŸ˜Šâ¤â¤ğŸ˜Š,3,2025-02-10T22:04:20Z
Y9YZ-WuiH-Q,@allanasantos6244,Oi primeira,2,2025-02-10T22:04:18Z
Y9YZ-WuiH-Q,@arianamarques7143,Oiiii,1,2025-02-10T22:04:08Z
