video_id,author,comment_text,like_count,published_at
i8MMPGfd0BM,@AnaLauraDamascenk,gremista papai,0,2025-07-13T15:01:12Z
i8MMPGfd0BM,@EloáFrazão,,1,2025-07-12T21:57:54Z
i8MMPGfd0BM,@IroniaFeitosa,ju araujo fa queria morar estados nao posso fazer exercicio sabe p vou fazer negocio voce mandar foto voce,0,2025-07-09T16:21:28Z
i8MMPGfd0BM,@EduardaAndrade-f7k,,0,2025-07-05T12:37:09Z
i8MMPGfd0BM,@eliasdossantos9085,,0,2025-07-03T22:39:01Z
i8MMPGfd0BM,@AgathaEmanuelly-r8j8j,,1,2025-06-21T22:35:43Z
i8MMPGfd0BM,@MariadeFátimaFátima-v7j,deck,0,2025-06-20T16:45:41Z
i8MMPGfd0BM,@MoacirSalvador-p8w,,1,2025-06-15T02:31:56Z
i8MMPGfd0BM,@miguelcezar-js5sb,aqui time ubr,0,2025-06-13T00:35:22Z
i8MMPGfd0BM,@AlexandreFernandes-l4z,flamenguista,1,2025-06-11T12:22:45Z
i8MMPGfd0BM,@italo9130,galo,0,2025-06-10T00:03:14Z
i8MMPGfd0BM,@Ahh.38,,1,2025-06-07T18:17:10Z
i8MMPGfd0BM,@Maluzete-t6g,flamengo,0,2025-06-07T03:47:48Z
i8MMPGfd0BM,@chauanasilva1810,voce vai saber desenhar sabe porque voce muita gente vou dar desenho anota br,0,2025-06-01T18:18:08Z
i8MMPGfd0BM,@renatafernandes6746,f flamengo,0,2025-06-01T03:02:16Z
i8MMPGfd0BM,@Nandinha-h5o,cruzeiro,0,2025-05-25T15:20:54Z
i8MMPGfd0BM,@inaldo.m,time corinthians,0,2025-05-14T18:12:24Z
i8MMPGfd0BM,@tatinha3044,kkkkkkkkmm,0,2025-05-13T20:08:39Z
i8MMPGfd0BM,@emanuellysousa84,fotos time corinthians tio fala ai p mim nao mim nao mim nao nao comenta mim nao corinthians nao nao coloca gremio nao tio favor,0,2025-05-12T14:47:42Z
i8MMPGfd0BM,@geisaposte6492,palmeiras,2,2025-05-12T00:34:28Z
i8MMPGfd0BM,@victorfelix765,dou nao tolha,0,2025-05-11T14:42:18Z
i8MMPGfd0BM,@victorfelix765,araujo mce nao vou pra ninguem nao vou pra conseguir ingles vou ir pra escola fato lado ingles ai sei falar raichia,0,2025-05-11T14:39:05Z
i8MMPGfd0BM,@BenjaminOliveiradosreis,gre mista,0,2025-05-08T15:51:33Z
i8MMPGfd0BM,@1990alves,alllo,0,2025-05-08T15:22:34Z
i8MMPGfd0BM,@mayraribeiro5347,,0,2025-05-07T23:31:52Z
i8MMPGfd0BM,@marcinho0077,nota vai zero,0,2025-05-07T17:16:43Z
i8MMPGfd0BM,@marcinho0077,flamengo,0,2025-05-07T17:02:27Z
i8MMPGfd0BM,@marcosmedina6229,desenha favor desenho jeito voce sabe nao problema,1,2025-05-06T21:31:06Z
i8MMPGfd0BM,@cirilloferreira6578,gremio,0,2025-05-03T16:38:01Z
i8MMPGfd0BM,@Luizahenicka-i9l,nota,1,2025-05-01T00:59:15Z
i8MMPGfd0BM,@EmanuelleSantos-i5n,sao paulo nao presta nada flamengo,0,2025-04-30T23:37:05Z
i8MMPGfd0BM,@ElisMoura-g6d,ju linda fa,0,2025-04-29T15:26:54Z
i8MMPGfd0BM,@MarcionilBarbosa-z2x,,0,2025-04-28T22:35:46Z
i8MMPGfd0BM,@MarcionilBarbosa-z2x,oi,0,2025-04-28T22:35:16Z
i8MMPGfd0BM,@MarcionilBarbosa-z2x,,1,2025-04-28T22:34:33Z
i8MMPGfd0BM,@WeligtonSilva-dl4yq,ffa,0,2025-04-28T00:39:21Z
i8MMPGfd0BM,@AdrianaRangel-c3f,,0,2025-04-26T21:10:56Z
i8MMPGfd0BM,@camyllelima1937,devesse sl,0,2025-04-24T20:42:50Z
i8MMPGfd0BM,@LauraBeatriz-l1m,,0,2025-04-24T16:58:40Z
i8MMPGfd0BM,@LauraBeatriz-l1m,download,0,2025-04-24T16:48:04Z
i8MMPGfd0BM,@MariaEduardaSilvaMonteiro-t7e,corinthians,0,2025-04-21T11:31:57Z
i8MMPGfd0BM,@lusantiagoalves7198,time corinthians,0,2025-04-20T13:19:04Z
i8MMPGfd0BM,@AllanaSobreira,kkkkk amo,0,2025-04-19T02:38:54Z
i8MMPGfd0BM,@Rosana-y2m,lorenzo,0,2025-04-18T18:28:40Z
i8MMPGfd0BM,@Rosana-y2m,time flamengo,0,2025-04-18T18:17:10Z
i8MMPGfd0BM,@gleicesilva8006,sacanetinho sacana,0,2025-04-18T14:35:08Z
i8MMPGfd0BM,@AdrianaSilva-sk6mz,fa,0,2025-04-18T01:21:53Z
i8MMPGfd0BM,@andreluizlima9428,nota,0,2025-04-16T23:06:56Z
i8MMPGfd0BM,@Roberto-u7z4i,sao paulo show quinho chao paludospfc,1,2025-04-16T17:50:57Z
i8MMPGfd0BM,@Israelly04,crb,0,2025-04-15T23:05:07Z
i8MMPGfd0BM,@VanessaAmaro-s2k442,flamenguista,0,2025-04-15T15:35:32Z
i8MMPGfd0BM,@HeloisaCara,egrfl,0,2025-04-14T23:18:54Z
i8MMPGfd0BM,@LucivaniaCavalcante-v3f,corinthians pbb,0,2025-04-14T20:30:13Z
i8MMPGfd0BM,@AliceProfiro-v9s,corinthians videos melhor ne porque dia ja amassou palmeiras nao papel entao corinthians ganha varias vezes coringao,0,2025-04-14T03:16:04Z
i8MMPGfd0BM,@LeonardoAlves-zz6tz,,0,2025-04-11T00:23:05Z
i8MMPGfd0BM,@EditePadilha-sb4dk,,0,2025-04-09T14:38:52Z
i8MMPGfd0BM,@FabricianoPires-jj9si,inter so ganha gremio,0,2025-04-09T02:07:42Z
i8MMPGfd0BM,@FabricianoPires-jj9si,inter nacional,0,2025-04-09T01:54:23Z
i8MMPGfd0BM,@KyaraKnebel,,0,2025-04-09T00:20:09Z
i8MMPGfd0BM,@LorenaAlmeida-r1k,voce ta bom,0,2025-04-08T23:01:57Z
i8MMPGfd0BM,@Larissavit22503,spt,0,2025-04-08T15:35:25Z
i8MMPGfd0BM,@clodoaldofranco5773,bolsa stitch,0,2025-04-07T22:58:51Z
i8MMPGfd0BM,@OdeteMelo-bl7hz,eunao,0,2025-04-07T14:03:08Z
i8MMPGfd0BM,@JamillyMachado-b6x,palmerence,0,2025-04-07T00:10:09Z
i8MMPGfd0BM,@BrunaRafaella-x1z,time coracao corinthians ganha,1,2025-04-06T15:50:38Z
i8MMPGfd0BM,@PedroAugusto-q3p,luciano calleri,0,2025-04-06T00:23:11Z
i8MMPGfd0BM,@PedroAugusto-q3p,paulao bom vermelhao,0,2025-04-06T00:22:47Z
i8MMPGfd0BM,@MariaHelo-v7w,,0,2025-04-06T00:00:06Z
i8MMPGfd0BM,@sophianowitski2218,oi ju voce ainda vai elev,0,2025-04-05T19:35:29Z
i8MMPGfd0BM,@thataahsoouza5581,adultos leonardo cvbhu,0,2025-04-05T15:40:37Z
i8MMPGfd0BM,@Nathalieawake,,0,2025-04-05T15:09:46Z
i8MMPGfd0BM,@LeonorMacedo-nc7zt,vontade,0,2025-04-05T13:06:23Z
i8MMPGfd0BM,@wesleyramos2589,ketlin,1,2025-04-04T02:05:27Z
i8MMPGfd0BM,@Rogaciano-n7v,gremio,1,2025-04-03T19:09:59Z
i8MMPGfd0BM,@Rogaciano-n7v,bandinha,0,2025-04-03T19:08:59Z
i8MMPGfd0BM,@Rogaciano-n7v,flamengo,0,2025-04-03T19:06:59Z
i8MMPGfd0BM,@Aninha2727,voce sabia ultimo estojos cima espaco botar separar canetinhas separar lapis separar tudo voce comprar gostoso fa joao araujo,0,2025-04-02T02:18:32Z
i8MMPGfd0BM,@EzequielpaesRocha-r8k,flamengo,1,2025-03-31T10:54:09Z
i8MMPGfd0BM,@MariaEduarda-bf4rr,cortias,1,2025-03-31T02:43:26Z
i8MMPGfd0BM,@JuliaemanuellySilvadosSantos,gamer,0,2025-03-31T00:21:35Z
i8MMPGfd0BM,@DoginhosFocinhos,infantil ah tricolor,0,2025-03-30T23:37:43Z
i8MMPGfd0BM,@Aliceferreira3565,palmeiras,0,2025-03-30T17:00:12Z
i8MMPGfd0BM,@VeraLucia-mx1fv,flamenguista,5,2025-03-30T15:47:43Z
i8MMPGfd0BM,@liderbalanceamentos,corinthians,1,2025-03-30T12:19:37Z
i8MMPGfd0BM,@pricesastephanie2265,cala boca garota,0,2025-03-30T03:46:39Z
i8MMPGfd0BM,@pricesastephanie2265,corinthians melhor time mundo nao outro time melhor time melhor,0,2025-03-30T03:46:02Z
i8MMPGfd0BM,@Israelly04,crb,0,2025-03-30T01:11:46Z
i8MMPGfd0BM,@Erika-z8j,corinthians ganhou,0,2025-03-30T01:09:39Z
i8MMPGfd0BM,@ThomasSoares-u6b,gremio,0,2025-03-30T00:51:45Z
i8MMPGfd0BM,@IglantinaMarques,inter amo inter inter ganhou,0,2025-03-29T23:52:36Z
i8MMPGfd0BM,@MariaLeusete-l9j,aiago,0,2025-03-29T21:41:52Z
i8MMPGfd0BM,@larissabolpato5737,flamengo,0,2025-03-29T17:23:24Z
i8MMPGfd0BM,@TaianePassos-ju8to,ceara,0,2025-03-29T16:04:38Z
i8MMPGfd0BM,@helloysamoreira,corinthians corinthians corinthians corinthians corinthians corinthians corinthians corinthians corinthians corinthians corinthians corinthians corinthians corinthians corinthians corinthians corinthians corinthians corinthians corinthians corinthians corinthians corinthians corinthians corinthians corinthians corinthians corinthians corinthians corinthians corinthians corinthians corinthians corinthians corinthians corinthians corinthians corinthians corinthians corinthians corinthians corinthians corinthians corinthians corinthians brbr,0,2025-03-29T14:37:48Z
i8MMPGfd0BM,@devanirsabino837,hoje voces gostam flamengo comenta coracao preto vermelho,2,2025-03-29T03:40:27Z
i8MMPGfd0BM,@devanirsabino837,imposto corinthians cometa ola torce brasil cometa oi brasil perdedor gosto corinthians corinthians corinthians corinthians corinthians,1,2025-03-29T03:39:53Z
i8MMPGfd0BM,@cristinalealoliveira4848,estuda,1,2025-03-29T01:43:59Z
i8MMPGfd0BM,@Florinhasophinha2205,botafogogogoogogogo,0,2025-03-28T04:11:19Z
i8MMPGfd0BM,@putz_e_a_vick_marths,gravatai juju,2,2025-03-28T01:10:12Z
i8MMPGfd0BM,@Ronaldo435-l3u,vitoria,0,2025-03-28T00:51:50Z
i8MMPGfd0BM,@MariadeFátimaSouzaJordão,,1,2025-03-27T23:55:25Z
i8MMPGfd0BM,@edvaldoalves6831,ya,0,2025-03-27T00:56:58Z
i8MMPGfd0BM,@edvaldoalves6831,pra onde vai ficar pazes,0,2025-03-27T00:51:45Z
i8MMPGfd0BM,@edvaldoalves6831,tenhe layla,0,2025-03-27T00:50:33Z
i8MMPGfd0BM,@HeloisaGuimarães-c2p,desenha favor,4,2025-03-26T19:20:19Z
i8MMPGfd0BM,@MarjoryCristye-n5v2x,,0,2025-03-26T13:45:15Z
i8MMPGfd0BM,@senaydaedmilson7891,colorido,0,2025-03-26T12:01:03Z
i8MMPGfd0BM,@senaydaedmilson7891,sim caneta stitch,0,2025-03-26T12:00:40Z
i8MMPGfd0BM,@kassianemussattopasqualott7547,corinthians,0,2025-03-26T01:26:45Z
i8MMPGfd0BM,@AnnaFaustino-z2o,flamengo canpiam,0,2025-03-25T22:01:09Z
i8MMPGfd0BM,@IsaSantos-p6l,caderno desenhar igualzinho adesivo mesma capa copiona,0,2025-03-25T18:56:56Z
i8MMPGfd0BM,@AnaLívia-o3x,inter sempre vai vencedor querido,0,2025-03-25T13:20:16Z
i8MMPGfd0BM,@yancanunes4262,quer leve mochila gato br quer mochila br vai comentarios br,2,2025-03-25T12:41:16Z
i8MMPGfd0BM,@LarissecostaSilva,flamengo,0,2025-03-23T17:18:03Z
i8MMPGfd0BM,@sei-lá-99,vai arrasar quotna escolaquot,1,2025-03-23T14:24:02Z
i8MMPGfd0BM,@EligleideFigueredo-n8b,ju todo respeito voce bom gosto,0,2025-03-23T01:36:24Z
i8MMPGfd0BM,@camilaquintelanails2661,gremiooooooooooooooooooooooo,1,2025-03-22T05:14:35Z
i8MMPGfd0BM,@GiovannaSantosMachado-c6w,vai corinthians,0,2025-03-22T01:52:12Z
i8MMPGfd0BM,@AlexandraKich,gremio gremio gremio gremio gremio gremio br,0,2025-03-22T01:18:06Z
i8MMPGfd0BM,@BecaCosta-n9r,,0,2025-03-22T01:06:40Z
i8MMPGfd0BM,@sinhaa698,nota desenho hrefuckszuwhgymbdvujgdvxtfhaurwgtgzardaa,0,2025-03-21T16:43:31Z
i8MMPGfd0BM,@YsaBorges-w7s,flamengo,0,2025-03-21T14:15:01Z
i8MMPGfd0BM,@RaissaVitória-j6d,raissa emily leozinho vodi rodsnh ketosnt,1,2025-03-21T13:29:50Z
i8MMPGfd0BM,@HeloysaViieiira,,0,2025-03-20T22:52:18Z
i8MMPGfd0BM,@Jamilly-l4t,jamilly,0,2025-03-20T22:48:49Z
i8MMPGfd0BM,@Jamilly-l4t,flamenguista,0,2025-03-20T22:48:29Z
i8MMPGfd0BM,@RYELLE-b6c,nota,1,2025-03-20T19:45:54Z
i8MMPGfd0BM,@EstherGomes-j4g,inter inter,0,2025-03-20T19:43:49Z
i8MMPGfd0BM,@RYELLE-b6c,ficou lindo demais material escolar,9,2025-03-20T19:42:02Z
i8MMPGfd0BM,@IracemaGonçalves-n6o,,1,2025-03-20T18:47:21Z
i8MMPGfd0BM,@IracemaGonçalves-n6o,ooooooooooooo,1,2025-03-20T18:46:51Z
i8MMPGfd0BM,@Arthurcrafts,vc estuda,1,2025-03-20T17:38:46Z
i8MMPGfd0BM,@Flaviojoseofc,ficou lindo,3,2025-03-20T15:54:20Z
i8MMPGfd0BM,@RafaelaNascimentoEberhart,cheguei visualizacao,1,2025-03-20T15:07:37Z
i8MMPGfd0BM,@nicolezinha_love,cheguei visualizacoes,1,2025-03-20T15:05:54Z
1JPtgaxdfwg,@elaynedecassiasantossantos5387,duvido voce ficar dentro mala,0,2025-06-30T22:21:01Z
1JPtgaxdfwg,@FrancineideBezerra-gv9lk,juliana flauta paraquedas,2,2025-05-29T15:48:41Z
1JPtgaxdfwg,@netysantos292,,2,2025-05-26T13:51:25Z
1JPtgaxdfwg,@irxjdjhfjsyfjidrrrrjfycjc,,1,2025-05-19T15:03:54Z
1JPtgaxdfwg,@JosianaFerreiradeoliveira,omg,1,2025-05-10T14:53:34Z
1JPtgaxdfwg,@AylaValentinaa,ah amo araujo,0,2025-05-06T17:59:22Z
1JPtgaxdfwg,@SofiaBritodeAndrade,deus ju,1,2025-05-03T12:21:30Z
1JPtgaxdfwg,@mari-xd4rg,roblox roblox roblox roblox roblox roblox roblox,0,2025-04-27T01:03:20Z
1JPtgaxdfwg,@ElianaDiasdeoliveira-b3j,,0,2025-04-19T17:18:17Z
1JPtgaxdfwg,@evelizedomingues1961,raquel,1,2025-04-10T15:06:35Z
1JPtgaxdfwg,@helenamarques3493,hellen hrefhttpswwwyoutubecomwatchvjptgaxdfwgampta,1,2025-04-10T11:28:49Z
1JPtgaxdfwg,@DaniloLeal-of6np,joao araujo passa dia rua,2,2025-04-04T01:58:27Z
1JPtgaxdfwg,@MillenaSophiaSousa,millena sophia sousa,1,2025-04-02T16:48:12Z
1JPtgaxdfwg,@MillenaSophiaSousa,millena sophia sousa,1,2025-04-02T16:46:32Z
1JPtgaxdfwg,@mirianneves9565,sfdffwd hrefhttpswwwyoutubecomwatchvjptgaxdfwgampta,2,2025-04-01T11:18:40Z
1JPtgaxdfwg,@kesiamarytins5677,video dentro carro,1,2025-03-25T02:47:41Z
1JPtgaxdfwg,@pierreventiladoresoficial,amo ju,1,2025-03-24T00:59:40Z
1JPtgaxdfwg,@JonasMessiasdaSilva-e7c,fa demais,1,2025-03-18T22:28:55Z
1JPtgaxdfwg,@CristianeAssuncao-o3j,banco,1,2025-03-17T20:51:24Z
1JPtgaxdfwg,@rvc_games-hk4hn,ketlen amo breu amo ate void todos voces obrigado,1,2025-03-17T17:11:54Z
1JPtgaxdfwg,@SaraSilva-b6u,ai chovendo lembrei vou tomar banho chuva banho,3,2025-03-06T18:03:53Z
1JPtgaxdfwg,@rubemjunior2329,fa,1,2025-03-05T18:36:36Z
1JPtgaxdfwg,@Francisapontes,lindo,2,2025-03-03T02:35:16Z
1JPtgaxdfwg,@KimberllySilva-gc1gq,ayshahearts,5,2025-02-23T14:20:56Z
1JPtgaxdfwg,@leilasantos9837,juliana faz video comendo chuva,3,2025-02-21T19:31:58Z
1JPtgaxdfwg,@mayaraarrais9933,brbrdemorou muitobrbrbr,5,2025-02-12T14:26:34Z
1JPtgaxdfwg,@RocildaMaria-d4l,mai godi,3,2025-02-08T20:00:28Z
1JPtgaxdfwg,@MayaMartins-h4n,,2,2025-02-05T04:15:47Z
1JPtgaxdfwg,@star._.katlenoficial,linda,39,2025-01-30T15:14:06Z
1JPtgaxdfwg,@tattysilva2701,incsrvsa,1,2025-01-28T02:48:14Z
1JPtgaxdfwg,@leticiasantos6784,,2,2025-01-24T16:36:16Z
1JPtgaxdfwg,@AlineRosso-n5k,dentro carro,1,2025-01-23T21:14:29Z
1JPtgaxdfwg,@Lilica100,vinte quatro hrs carro piscina,4,2025-01-23T15:09:32Z
1JPtgaxdfwg,@VitóriaOliveira-x1g,carro quente,2,2025-01-22T13:25:15Z
1JPtgaxdfwg,@VitóriaOliveira-x1g,vitoria duvido voce,3,2025-01-22T13:25:03Z
1JPtgaxdfwg,@PatríciaViana-z5h,oi,3,2025-01-22T00:52:58Z
1JPtgaxdfwg,@PatríciaViana-z5h,desafio voce ficar sol dentro casa ficar quarto ficar carro assistir voce ficar carro horas fa,5,2025-01-22T00:51:44Z
1JPtgaxdfwg,@geovanneoliveiracesar4239,brbrbrbrbrbrbr,3,2025-01-22T00:49:21Z
1JPtgaxdfwg,@gigi_freitas,aqui ta sol,3,2025-01-20T16:48:15Z
1JPtgaxdfwg,@ArthurSilva-l9r,z,3,2025-01-20T15:53:40Z
1JPtgaxdfwg,@Marizoca_Souza19,oi jupode notar,6,2025-01-20T15:03:05Z
1JPtgaxdfwg,@Isa.robloxiana34538,aqui ta sol kk,15,2025-01-20T15:00:46Z
1JPtgaxdfwg,@Isa.robloxiana34538,oi,5,2025-01-20T15:00:35Z
SyC36zrH9_A,@washingtonsouzamaia7040,,0,2025-07-10T16:44:43Z
SyC36zrH9_A,@elizabeteoliveira9790,link cheiroso bonitinho,0,2025-07-04T00:39:46Z
SyC36zrH9_A,@cristinaalves4420,,0,2025-06-09T18:04:37Z
SyC36zrH9_A,@luziasousarufino,,0,2025-06-03T03:02:08Z
SyC36zrH9_A,@johnfandrade,slick cheiroso,0,2025-05-25T23:57:17Z
SyC36zrH9_A,@RoselioRodrigues-l8z,slink cheso,1,2025-05-11T22:59:43Z
SyC36zrH9_A,@DaniloLeal-of6np,eita rbb eita rbb ta tirando caso rbb tchau rbb tchau rabo tchau tchau amanha,0,2025-04-04T02:13:09Z
SyC36zrH9_A,@LucianoTeodoroSantos,slick cheiroso slink cheiroso slink cheiroso,0,2025-04-03T18:07:45Z
SyC36zrH9_A,@SophiaSantoa,hrefhttpswwwyoutubecomwatchvsyczrhaampta,0,2025-03-23T21:35:39Z
SyC36zrH9_A,@jussarahenrique6476,,1,2025-03-19T23:48:06Z
SyC36zrH9_A,@rubemjunior2329,slink cheiroso,2,2025-03-05T19:00:35Z
SyC36zrH9_A,@vagnergarcia6693,,0,2025-03-03T02:31:23Z
SyC36zrH9_A,@LusiaOliveira-k6b,slim cheiroso,0,2025-03-03T00:01:56Z
SyC36zrH9_A,@EduardaVitoria-fk9tz,sofia foguetinho escutar manuar confia foguete brconfia foguetinha papa manual confia foguetinha pata mar,1,2025-02-16T16:39:25Z
SyC36zrH9_A,@RocildaMaria-d4l,antes slim cheiroso,2,2025-02-07T12:12:42Z
SyC36zrH9_A,@RocildaMaria-d4l,parece humano fofinho,6,2025-02-07T12:08:08Z
SyC36zrH9_A,@RocildaMaria-d4l,oi oi pessoal tudo bem rebeca,0,2025-02-07T12:06:20Z
SyC36zrH9_A,@giselecristina7170,,0,2025-02-06T00:52:53Z
SyC36zrH9_A,@palomamascarenhas8102,,0,2025-02-05T06:20:38Z
SyC36zrH9_A,@MarileneSantos-h3n,slick cheiroso bonitinho,0,2025-01-26T12:03:40Z
SyC36zrH9_A,@AnaAliciaGomesdeAraújo,slink cheroso,0,2025-01-23T00:48:36Z
SyC36zrH9_A,@EMILLY-t5f,link cheiroso,0,2025-01-21T23:01:35Z
SyC36zrH9_A,@nilmaraalmeida3816,cheiroso,0,2025-01-13T15:05:24Z
SyC36zrH9_A,@leopoldomontenegro7917,slinkcheiroso,2,2025-01-12T16:51:45Z
SyC36zrH9_A,@emillyrandarah3120,slink cheiroso,0,2025-01-11T00:36:58Z
SyC36zrH9_A,@MariaArlindamota,desenho cheiroso bonito,0,2025-01-10T15:04:18Z
SyC36zrH9_A,@mar1a.edduh09,slinky cheiroso,1,2025-01-06T22:13:53Z
SyC36zrH9_A,@mar1a.edduh09,slinky,0,2025-01-06T22:13:00Z
SyC36zrH9_A,@hadassobux7846,sneaker cheiroso,1,2025-01-05T12:11:44Z
SyC36zrH9_A,@MariaArlindamota,slink cheiroso,0,2025-01-03T07:06:02Z
SyC36zrH9_A,@MariaClara-sz9sn,slick cheiroso,1,2024-12-28T01:23:40Z
SyC36zrH9_A,@Sofia-l4t4z,slink cheiroso,3,2024-12-27T17:20:32Z
SyC36zrH9_A,@GustavoPassos-d4p,slick cheiroso cheiroso vai sujar novo,2,2024-12-27T14:15:52Z
SyC36zrH9_A,@antoniovieiramotavieira937,,1,2024-12-24T08:57:10Z
SyC36zrH9_A,@antoniovieiramotavieira937,,0,2024-12-24T08:56:59Z
SyC36zrH9_A,@anapaulasilva8716,xuxinha,0,2024-12-24T04:08:34Z
SyC36zrH9_A,@aghataearielly8483,link link,0,2024-12-20T12:44:11Z
SyC36zrH9_A,@arinaldosilva5308,isabell isabell,2,2024-12-19T15:10:52Z
SyC36zrH9_A,@arinaldosilva5308,,0,2024-12-19T15:07:09Z
SyC36zrH9_A,@arinaldosilva5308,OK oooooooooo,0,2024-12-19T15:05:08Z
SyC36zrH9_A,@AlipioFarias-jr4gi,boa noite amor amor p chegar ai p,0,2024-12-19T02:41:25Z
SyC36zrH9_A,@geovanneoliveiracesar4239,slick cheiroso,1,2024-12-18T21:28:21Z
SyC36zrH9_A,@AnaGiselia-vm3fq,existe cheiroso juliana,9,2024-12-18T17:19:22Z
SyC36zrH9_A,@rayodesol1045,slink cheiroso gosta clica aqui,2,2024-12-18T15:58:34Z
AV8BT9e98Ec,@SheilaSilva-v2f7h,oi ketlin tudo bem voce ta falando aqui,0,2025-07-12T16:16:53Z
AV8BT9e98Ec,@eliziejuca8367,dezenha davi,0,2025-07-07T14:03:34Z
AV8BT9e98Ec,@DeniseSousa-c3o,preferida katlen,1,2025-07-05T13:30:59Z
AV8BT9e98Ec,@Jesusteama2022,emily vick tambem nao,1,2025-06-23T03:34:59Z
AV8BT9e98Ec,@Jesusteama2022,chegar,0,2025-06-23T03:32:35Z
AV8BT9e98Ec,@Jesusteama2022,tudo sim,0,2025-06-23T03:32:26Z
AV8BT9e98Ec,@leoneymoney7721,julha,0,2025-06-22T18:17:46Z
AV8BT9e98Ec,@Jesusteama2022,amo ketilen,0,2025-06-22T04:22:31Z
AV8BT9e98Ec,@joseeronildessilva2931,quero voce desenhe emily vick,0,2025-06-22T01:10:27Z
AV8BT9e98Ec,@Jesusteama2022,oi nao ligou ainda hoje manha nao nada,0,2025-06-17T03:12:34Z
AV8BT9e98Ec,@Jesusteama2022,vai tranquilo nao sei vai fazer comigo,0,2025-06-17T03:09:01Z
AV8BT9e98Ec,@MaizaAraujo-x5e,nao,0,2025-06-16T18:05:21Z
AV8BT9e98Ec,@ThaisBarbosa-t2b,u ceus,1,2025-06-09T02:20:33Z
AV8BT9e98Ec,@AnaLis-g5w,amo ketilen,0,2025-06-08T00:07:21Z
AV8BT9e98Ec,@LucasAlonso-z6k,,0,2025-06-05T18:27:35Z
AV8BT9e98Ec,@Emilaneaquino,,1,2025-06-05T15:32:13Z
AV8BT9e98Ec,@marthabrito4361,alice vitoria j,1,2025-06-02T15:20:39Z
AV8BT9e98Ec,@VitorioSousa-m1k,deixa lorenzo,1,2025-06-01T14:02:21Z
AV8BT9e98Ec,@izabeltalieri2007,,1,2025-05-31T12:22:06Z
AV8BT9e98Ec,@GerivaldoGóis,robinho,0,2025-05-28T12:57:17Z
AV8BT9e98Ec,@thiaragoncalves4531,,0,2025-05-27T11:01:37Z
AV8BT9e98Ec,@yanlucasgamer,eee,0,2025-05-22T13:57:47Z
AV8BT9e98Ec,@deborafernandes3887,,0,2025-05-21T15:38:35Z
AV8BT9e98Ec,@KyaraSilva-s3m,,0,2025-05-20T23:54:28Z
AV8BT9e98Ec,@RaimundoNonatoSousaAlves,,0,2025-05-15T20:19:18Z
AV8BT9e98Ec,@rogeniaeliz795,toque vai fazer nao entende,0,2025-05-13T16:00:49Z
AV8BT9e98Ec,@edits_quarto-d_milha,ju melhor,0,2025-05-11T15:15:08Z
AV8BT9e98Ec,@PastoraEnprebdimento,davi,1,2025-05-09T15:14:54Z
AV8BT9e98Ec,@AnnaDafne-t3g,ju araujo filho,0,2025-05-09T14:56:09Z
AV8BT9e98Ec,@patriciamendes1814,ju araujo desenho vizinho,0,2025-05-09T13:23:42Z
AV8BT9e98Ec,@AdrieleRegina-x9i,juliana,0,2025-05-09T03:19:18Z
AV8BT9e98Ec,@AnanannaAjJjxhvgzgts,lorenzo porque ta ruim entendeu,0,2025-05-06T18:24:54Z
AV8BT9e98Ec,@EdsonSilva-l5z,ju,0,2025-05-06T16:03:23Z
AV8BT9e98Ec,@viniciusmarincurti4745,davi,0,2025-05-02T02:41:22Z
AV8BT9e98Ec,@CeciliaSiqueira-t1g,ju araujo ficou feio,0,2025-05-01T14:25:31Z
AV8BT9e98Ec,@AnitaRamazzini,kkkkkkkk kkkkkkkk,0,2025-04-29T00:21:35Z
AV8BT9e98Ec,@erickryann,ouvir nunca araujo,0,2025-04-26T21:48:44Z
AV8BT9e98Ec,@JoseliaRosa-p4o,gente ajudar araujo talento desenhar desenho ketlin igual olha batom boca boca faz bem bem parecido bem parecido boca ficou bom,0,2025-04-26T02:13:15Z
AV8BT9e98Ec,@KarlianySantana,amo ketlin,0,2025-04-26T01:27:31Z
AV8BT9e98Ec,@biaalmeida-wn3zh,oi ju araujo nao pincela canetinha barbie good lancou nao sei ne julia desenho fico bonito,1,2025-04-25T22:57:21Z
AV8BT9e98Ec,@biaalmeida-wn3zh,oi ju araujo quero voce desenha estela proximo video,0,2025-04-25T22:52:08Z
AV8BT9e98Ec,@AnaSophia-s1r,juuuuu,0,2025-04-22T15:37:21Z
AV8BT9e98Ec,@IsabellyPereira-k7m,cuuuuuuuuuuuuuuu,0,2025-04-19T15:19:26Z
AV8BT9e98Ec,@MariaJucicleide-n5k,yk,0,2025-04-19T02:12:36Z
AV8BT9e98Ec,@Maria-ue4gc,davi,0,2025-04-18T01:17:34Z
AV8BT9e98Ec,@TecnicoAntonio,dvd,1,2025-04-13T22:51:56Z
AV8BT9e98Ec,@MariaRosileneSousalopesrosilen,luzo,0,2025-04-13T00:49:47Z
AV8BT9e98Ec,@JacobNogueiraNogueira,companhia celular laura pode fazer,0,2025-04-10T18:46:36Z
AV8BT9e98Ec,@AnaLizGamer04,quero davizinho desenhos,0,2025-04-10T17:40:42Z
AV8BT9e98Ec,@DiegoVasconcelos.,davi,0,2025-04-09T23:05:53Z
AV8BT9e98Ec,@DiegoVasconcelos.,leozinho,0,2025-04-09T23:05:40Z
AV8BT9e98Ec,@rosamenezes6880,gostei ju,1,2025-04-08T00:29:43Z
AV8BT9e98Ec,@RosemereSilva-rr3ps,vai cair kettli,0,2025-04-07T17:16:06Z
AV8BT9e98Ec,@RosemereSilva-rr3ps,tambem amo kettli,0,2025-04-07T17:14:45Z
AV8BT9e98Ec,@mariapereira1378,botei canetas ai ai guarda quarto ai nao pode deixar pe senao canetinha canetinha acaba rapido,0,2025-04-07T14:24:06Z
AV8BT9e98Ec,@mariapereira1378,ludmila,0,2025-04-07T14:18:24Z
AV8BT9e98Ec,@LauraeisacDanieladaniel,nao,0,2025-04-06T23:09:04Z
AV8BT9e98Ec,@AnaCamila-m5v,ju araujo perfeita desenho,0,2025-04-06T01:03:27Z
AV8BT9e98Ec,@franciscafelix5649,juju favor faz davizinho,0,2025-04-04T17:25:59Z
AV8BT9e98Ec,@NicePontesPontes,ketlin,2,2025-04-03T02:16:17Z
AV8BT9e98Ec,@CIARTESANATOS27,c,1,2025-04-01T00:45:22Z
AV8BT9e98Ec,@alicinhanunes8126,amo ketlin proximo elementos voces podem fazer davi ai tao fofinho bonitinho,1,2025-04-01T00:41:21Z
AV8BT9e98Ec,@MaiaraSousa-s7k,amei,1,2025-03-30T14:10:45Z
AV8BT9e98Ec,@MaiaraSousa-s7k,fa,1,2025-03-30T14:07:35Z
AV8BT9e98Ec,@marianadasilvadesouza5760,larescola,2,2025-03-30T02:46:07Z
AV8BT9e98Ec,@MarcosSousa-r4w,,0,2025-03-28T22:59:01Z
AV8BT9e98Ec,@MarcosSousa-r4w,,0,2025-03-28T22:58:34Z
AV8BT9e98Ec,@MariaLuciene-ny4wx,,1,2025-03-28T12:24:45Z
AV8BT9e98Ec,@geovaniaferreira3341,,0,2025-03-28T02:19:04Z
AV8BT9e98Ec,@DaviFreitas-l7f,hrefhttpswwwyoutubecomwatchvavbteecampta,0,2025-03-27T22:57:16Z
AV8BT9e98Ec,@MariaClarahsdapaixão,ketlin ketlin prefiro emily,1,2025-03-26T17:28:57Z
AV8BT9e98Ec,@ManuelaTeixeira-q7y,,0,2025-03-25T17:09:35Z
AV8BT9e98Ec,@PolianaFeitosa-v8c,desenho davi,0,2025-03-25T12:15:35Z
AV8BT9e98Ec,@familia-wp.,mm legal prefiro voide,0,2025-03-24T05:24:50Z
AV8BT9e98Ec,@sabrinaferreira4109,davi,0,2025-03-19T22:23:32Z
AV8BT9e98Ec,@SofiaJesus-xh9lr,amo ketilen,19,2025-03-18T16:39:38Z
AV8BT9e98Ec,@MariaElisa-f2i,faz robson,0,2025-03-18T15:37:35Z
AV8BT9e98Ec,@EvandroSousa-p1x,ju araujo duvido voce desenhar bolo aniversario grupo,1,2025-03-16T22:42:55Z
AV8BT9e98Ec,@LucasGuimarães-f4v,lourenco ta ficando bonito,0,2025-03-15T20:26:09Z
AV8BT9e98Ec,@AnnyConceição-x3h,poque voce nao fais davisiu fofo,1,2025-03-15T18:12:43Z
AV8BT9e98Ec,@RondigleyMaia,davi,0,2025-03-15T16:04:22Z
AV8BT9e98Ec,@AyllaAylla-p5z,ju ficou lindo,0,2025-03-11T00:29:16Z
AV8BT9e98Ec,@Maria-ue4gc,daviiiiiii,0,2025-03-09T16:31:10Z
AV8BT9e98Ec,@isafalla4427,,1,2025-03-08T18:56:48Z
AV8BT9e98Ec,@patriciasouzasilvasilva3517,gosto ketlin,0,2025-03-08T18:35:48Z
AV8BT9e98Ec,@AnareginaGonçalves-v6s,rosa emilly katle vbo leozinho dia,1,2025-03-06T15:23:14Z
AV8BT9e98Ec,@Gabriel-l9u1g,preferia joao araujo,0,2025-03-06T14:42:52Z
AV8BT9e98Ec,@dayanesantos5214,davi,0,2025-03-06T14:21:46Z
AV8BT9e98Ec,@TINASilva-m3b,hrefhttpswwwyoutubecomwatchvavbteecampta,0,2025-03-06T10:38:08Z
AV8BT9e98Ec,@danielacosta3003,base,0,2025-03-05T21:09:39Z
AV8BT9e98Ec,@jessicafeitosa9048,ketlin,0,2025-03-04T00:00:29Z
AV8BT9e98Ec,@DaianeSantanaTeixeiraSousa,quero proximo video voce faca robson,0,2025-03-03T14:57:35Z
AV8BT9e98Ec,@DaianeSantanaTeixeiraSousa,nao ficou perfeito desenho adorei alguns detalhes saiu real,1,2025-03-03T14:51:59Z
AV8BT9e98Ec,@anamariabosso9243,,0,2025-02-28T18:08:02Z
AV8BT9e98Ec,@JoséNildo-f8n,cng,1,2025-02-22T18:50:28Z
AV8BT9e98Ec,@Edilene-h3t,ketelin bom,2,2025-02-21T12:54:04Z
AV8BT9e98Ec,@elianesantos2347,favor atenda pedido fa sempre quis ver voce sao mateus gosto voce vejo todos videos atenda pedido quero pedido daqui nome valentina mora sao mateus voce quiser pode chamar assim pode chamar joana amo espero atenda pedido significado valentina mora sao mateus beijo saltos lindos romantico voce fa voce amor tchau,2,2025-02-19T22:12:53Z
AV8BT9e98Ec,@KemillyCristina-v5c,,3,2025-02-18T17:22:11Z
AV8BT9e98Ec,@clebersonlima,desenha davi,2,2025-02-14T18:54:24Z
AV8BT9e98Ec,@maiaraRios-s2g,juju,1,2025-02-11T00:28:45Z
AV8BT9e98Ec,@Nathalieawake,,1,2025-02-10T01:29:00Z
AV8BT9e98Ec,@sammuelamorim,tio araujo arrasou,1,2025-02-10T00:04:38Z
AV8BT9e98Ec,@JairoGregorio-to2fs,ju desenha kisha mine,1,2025-02-10T00:04:11Z
AV8BT9e98Ec,@VanderleiEvaristo-l3o,,1,2025-02-05T07:02:33Z
AV8BT9e98Ec,@Manuelamachado-r8q4x,joao araujo ficou melhor,2,2025-01-31T22:02:51Z
AV8BT9e98Ec,@DamianaNascimentosilva,desenha robson,2,2025-01-31T17:19:31Z
AV8BT9e98Ec,@arielveiera9304,,2,2025-01-29T21:21:14Z
AV8BT9e98Ec,@Jpzinn051,davizinho,2,2025-01-28T16:11:58Z
AV8BT9e98Ec,@JessicaCruz-i3j,ju araujo ta melhor,2,2025-01-28T13:50:19Z
AV8BT9e98Ec,@soninhafreitas,davi,1,2025-01-27T22:48:48Z
AV8BT9e98Ec,@ThaisaPereira-u5p,ju,1,2025-01-27T22:46:54Z
AV8BT9e98Ec,@CarlosMedeiros-v5e,ju,1,2025-01-27T17:54:32Z
AV8BT9e98Ec,@Letíciatrajano99,ajuda bonita,0,2025-01-25T23:04:05Z
AV8BT9e98Ec,@NoaVarela7381,ju liana,0,2025-01-25T19:33:31Z
AV8BT9e98Ec,@JucienxMendes,amo emily,0,2025-01-25T18:47:36Z
AV8BT9e98Ec,@KyaraSilva-s3m,,0,2025-01-25T17:23:29Z
AV8BT9e98Ec,@Alicyvianna-p4r,,0,2025-01-25T03:30:03Z
AV8BT9e98Ec,@luizgeliodasilvasilvasilva5799,ama sop,0,2025-01-25T01:58:50Z
AV8BT9e98Ec,@luizgeliodasilvasilvasilva5799,ama sop,1,2025-01-25T01:58:03Z
AV8BT9e98Ec,@BrunaRafaella-x1z,desenhar davi desenha davi desenha davi desenha davi desenhar davi desenhar davi davi desenhar davi desenhar davi davi desenha davi davi desenha davi,1,2025-01-24T01:02:23Z
AV8BT9e98Ec,@MargaridaAbreu-u3e,desenha davisinho,1,2025-01-23T20:50:00Z
AV8BT9e98Ec,@AliceCoelho-e2y,Katlen,1,2025-01-23T17:47:27Z
AV8BT9e98Ec,@IlquiasMarcolino,ju ganhou,1,2025-01-23T16:38:49Z
AV8BT9e98Ec,@Lilica100,ju ficou lindo,1,2025-01-23T15:19:29Z
AV8BT9e98Ec,@Lilica100,ju nao famosa vc pode desenhar,1,2025-01-23T15:17:58Z
AV8BT9e98Ec,@EstellaMedeiros,acho azul ganhou porque mar,2,2025-01-22T21:18:23Z
AV8BT9e98Ec,@NeidePereira-z1p,desenha robson,1,2025-01-22T20:39:40Z
AV8BT9e98Ec,@vicentegiovani4212,desenha davizinho desenha davizinho,1,2025-01-22T17:08:10Z
AV8BT9e98Ec,@julianamoraes9445,ju,1,2025-01-22T15:56:03Z
AV8BT9e98Ec,@MarileneSantos-h3n,posso desenhar davi,1,2025-01-22T15:49:40Z
AV8BT9e98Ec,@ERIVALDO-s5h,solta produto toin,0,2025-01-22T11:42:04Z
AV8BT9e98Ec,@manuzinhaa-y2o,obgg ju adoro video,0,2025-01-22T03:03:13Z
AV8BT9e98Ec,@Juliana-ui2mx,capicoides voce cozinhar becotes ai tipo quero video desenhando pop cores amor livro,0,2025-01-22T02:27:00Z
AV8BT9e98Ec,@Davidograu-r6s,desenha leozinho,0,2025-01-22T01:58:19Z
AV8BT9e98Ec,@LorenzoSilvaLima-i9b,desenhar davi desenha davi desenha davi desenha davi desenha davi desenha davi senha davi desenha davi desenha davi desenha davi desenha davi desenha davi desenha davi desenha davi desenha davi desenha davi desenha davi desenha davi favor desenho davi desenha davi,0,2025-01-22T01:46:47Z
AV8BT9e98Ec,@PatríciaViana-z5h,davizinho,1,2025-01-22T01:34:48Z
AV8BT9e98Ec,@geovanneoliveiracesar4239,brbrbr,1,2025-01-22T00:58:39Z
AV8BT9e98Ec,@ValentinnaHenrique,ficou bonita ta porque numero voce desenhar monte servico ta,1,2025-01-22T00:25:44Z
AV8BT9e98Ec,@Meninodeoxala8,vcs desenham bemmais lorenzo ficou pouco pescoco ficoh torno desenha melhor kkk,2,2025-01-21T23:31:10Z
AV8BT9e98Ec,@IsadoraHirata,dezenho davi,1,2025-01-21T22:02:09Z
AV8BT9e98Ec,@Baunili4262,amei desenho tambem desenho so ja passei dessa fasse,3,2025-01-21T21:34:25Z
AV8BT9e98Ec,@dayaneaires2872,porejai ju,1,2025-01-21T20:34:46Z
AV8BT9e98Ec,@dayaneaires2872,davi,2,2025-01-21T20:24:51Z
AV8BT9e98Ec,@KatiaMarques-x5e,faz leozinho,2,2025-01-21T20:04:05Z
AV8BT9e98Ec,@marianaviana9453,dezenha leozinho,8,2025-01-21T18:20:28Z
AV8BT9e98Ec,@CarinaSantos-y3m,,2,2025-01-21T16:33:20Z
AV8BT9e98Ec,@central_da_katlen715,faz davizinho,1,2025-01-21T15:35:04Z
AV8BT9e98Ec,@LMN832,,2,2025-01-21T15:26:13Z
aF9t4CLhT7E,@LalaclaudiaMonteiro,mateos joao,1,2025-07-09T16:48:44Z
aF9t4CLhT7E,@felipemachado3439,joao,0,2025-07-06T02:15:26Z
aF9t4CLhT7E,@ludmillabatista6540,lucas matheus,1,2025-07-03T15:37:06Z
aF9t4CLhT7E,@giselecristina7170,joao mateus,0,2025-07-02T22:39:54Z
aF9t4CLhT7E,@LuanTcharlles-n5y,enzo enzo enzo mateus mateus,0,2025-06-28T03:47:45Z
aF9t4CLhT7E,@lucienediasfernandessantos716,j,1,2025-06-23T23:58:35Z
aF9t4CLhT7E,@robertocamilo6704,saiu bananinhas fini monhocas,0,2025-06-22T17:08:42Z
aF9t4CLhT7E,@tainara6558,ed,0,2025-06-21T22:45:36Z
aF9t4CLhT7E,@ml8302,hrefuckszuwhgymbdvujgevkfyuncoykqoewocqaqaa hrefuckszuwhgymbdvujgevkfyuncoykqoewocqaqaa hrefuckszuwhgymbdvujgevkfyuncoykqoewocqaqaa hrefuckszuwhgymbdvujgevkfyuncoykqoewocqaqaa hrefuckszuwhgymbdvujghvgfygeymqvwluuydwaqaa hrefuckszuwhgymbdvujghvgfygeymqvwluuydwaqa,2,2025-06-20T23:02:33Z
aF9t4CLhT7E,@DaianaAlmeida-h8t,pedro henrique igao pedro henrique john nome pedro henrique john,1,2025-06-19T16:33:53Z
aF9t4CLhT7E,@martharocha3251,joao luca nao lucca nome isabela quero,1,2025-06-18T00:50:23Z
aF9t4CLhT7E,@martharocha3251,joao lucas,1,2025-06-18T00:50:03Z
aF9t4CLhT7E,@JOSEMARIORIBEIRODONASCIMENTO,,1,2025-06-13T22:48:08Z
aF9t4CLhT7E,@EdneyPereira-p3s,matheus kauan,1,2025-06-11T21:48:54Z
aF9t4CLhT7E,@nayrafigueiredo2988,ju ia comenta joao lucas vc falou,1,2025-06-08T19:40:36Z
aF9t4CLhT7E,@Podcast_fonte,oi,0,2025-06-06T17:14:23Z
aF9t4CLhT7E,@Podcast_fonte,ok,0,2025-06-06T17:14:00Z
aF9t4CLhT7E,@AyrahEmanuele-y6j,ne ju pq saco minhocas cima bebe minhoca estranho,0,2025-06-04T23:58:13Z
aF9t4CLhT7E,@Ks7ff,voce conhece musica ja voce tao linda deixou infectado jeito maluco deixou apaixonado ja venceu tao perfeito amo fato jeito maluco ja deixou apaixonado vem aqui deixa dar amasso,1,2025-05-31T04:52:24Z
aF9t4CLhT7E,@Ks7ff,ate maquiagem melhor maquiagem,0,2025-05-31T04:51:58Z
aF9t4CLhT7E,@Ks7ff,so agora nao to querendo dar cima voce so falando voce ja nasceu linda ir gravar videos,0,2025-05-31T04:51:19Z
aF9t4CLhT7E,@Ks7ff,imagina roupa linda voce,0,2025-05-31T04:50:34Z
aF9t4CLhT7E,@Ks7ff,roupa ja linda demais,0,2025-05-31T04:50:23Z
aF9t4CLhT7E,@MariaCecília-x2u6d,lucas mateus lucas mateus,0,2025-05-29T23:06:14Z
aF9t4CLhT7E,@Gisele-y9g,joao mateus,0,2025-05-29T17:52:03Z
aF9t4CLhT7E,@rick_fxn2108,mateus letra,1,2025-05-19T20:26:01Z
aF9t4CLhT7E,@GuilhermeVerneck-g2r,nome meninos alfredo gabriel,0,2025-05-18T16:59:27Z
aF9t4CLhT7E,@rogeniaeliz795,voce escuta to falando voce tambem joao juliano nao nao voce bateu vai mateus,0,2025-05-13T16:28:24Z
aF9t4CLhT7E,@ValentinaOliveira-v3m,lucas gabriel,0,2025-05-12T13:11:47Z
aF9t4CLhT7E,@MariaHelloisaDeOliveiraPinto,,0,2025-05-09T03:25:42Z
aF9t4CLhT7E,@LeildesRibeiraoliveiraserr-l4k,cade pai,0,2025-05-08T14:08:53Z
aF9t4CLhT7E,@LeildesRibeiraoliveiraserr-l4k,arthur kalil,0,2025-05-08T14:08:36Z
aF9t4CLhT7E,@BRUNAKAUANNYABREUMARTINS-d1c,qivamilhali,0,2025-05-06T12:51:48Z
aF9t4CLhT7E,@Tininha2.002,kauan manuel,2,2025-05-05T03:36:43Z
aF9t4CLhT7E,@ArlindoCruz-k6r,,1,2025-05-04T19:09:57Z
aF9t4CLhT7E,@sulamita25rz,matheus miguel,2,2025-05-04T16:03:03Z
aF9t4CLhT7E,@GaelBarbosa-g5g,matheus joao,1,2025-05-03T20:54:53Z
aF9t4CLhT7E,@maria-kx6eg,hrefhttpswwwyoutubecomwatchvaftclhteampta ju come filho banana kkkkkk,1,2025-05-03T20:36:44Z
aF9t4CLhT7E,@EricaGonzagadasilva,miguel nome bonito hora,1,2025-05-02T02:20:54Z
aF9t4CLhT7E,@AntelmoSapaio,acho douglas luan,1,2025-04-29T21:23:24Z
aF9t4CLhT7E,@marienemendonca1491,oi ju pode eduardo adriel,1,2025-04-28T01:13:02Z
aF9t4CLhT7E,@anabeatrizcamara6350,matheus claudio,1,2025-04-27T20:29:26Z
aF9t4CLhT7E,@mislenejesus5481,sei parte ciente banana,1,2025-04-27T12:58:19Z
aF9t4CLhT7E,@erickryann,pega,1,2025-04-26T20:16:02Z
aF9t4CLhT7E,@djangelzwyx6382,matheus joao cade pai,1,2025-04-26T02:48:34Z
aF9t4CLhT7E,@djangelzwyx6382,matheus joao,1,2025-04-26T02:48:02Z
aF9t4CLhT7E,@IsabellaSantos-k2r,true you look,1,2025-04-25T02:33:11Z
aF9t4CLhT7E,@TecnA-o5g,guilherme artu,0,2025-04-22T17:57:29Z
aF9t4CLhT7E,@TecnA-o5g,,0,2025-04-22T17:56:56Z
aF9t4CLhT7E,@bebêblue-t6m,nome vai juninho julho,0,2025-04-22T14:43:39Z
aF9t4CLhT7E,@lusantiagoalves7198,joao kaua,0,2025-04-20T13:15:44Z
aF9t4CLhT7E,@Cicero-g8r,oibrm,0,2025-04-20T12:30:15Z
aF9t4CLhT7E,@Rosana-y2m,amei ju araujo,3,2025-04-18T18:35:02Z
aF9t4CLhT7E,@deborah7617,oi sfifch fa,0,2025-04-17T20:59:30Z
aF9t4CLhT7E,@MariaGracieti,cadu julhor,0,2025-04-17T12:19:40Z
aF9t4CLhT7E,@fernandaporto663,rafael,0,2025-04-13T23:11:27Z
aF9t4CLhT7E,@SmarAlaa-w8r,,0,2025-04-13T20:13:30Z
aF9t4CLhT7E,@KatiaSantos-sb5xi,nao entendo ju vc legal,0,2025-04-13T14:04:53Z
aF9t4CLhT7E,@cristianafurtado236,deus,0,2025-04-13T11:52:09Z
aF9t4CLhT7E,@Agatha6721,junio juniu,0,2025-04-12T22:26:05Z
aF9t4CLhT7E,@Caremsimonesoarespereira,,0,2025-04-12T19:51:22Z
aF9t4CLhT7E,@RafaelDjubate-b7c1w,joao vitor murilo,0,2025-04-11T21:09:14Z
aF9t4CLhT7E,@RafaelDjubate-b7c1w,banana ainda ta brincadeira ju deus ceu ju,0,2025-04-11T21:04:41Z
aF9t4CLhT7E,@RafaelDjubate-b7c1w,deus ceu gabriel vai la ju,0,2025-04-11T21:04:19Z
aF9t4CLhT7E,@GleideJesusdeSouzaSantos,pedro bruno,0,2025-04-10T22:13:45Z
aF9t4CLhT7E,@tlarquitetura6124,joao,0,2025-04-10T15:16:09Z
aF9t4CLhT7E,@helenamarques3493,hellen,0,2025-04-10T13:51:27Z
aF9t4CLhT7E,@larissadasilvarodrigues7729,,1,2025-04-09T14:06:08Z
aF9t4CLhT7E,@edlopes5012,caua arthur,0,2025-04-08T16:15:40Z
aF9t4CLhT7E,@Arthurbryan11,art thurt brtyan,0,2025-04-08T14:51:44Z
aF9t4CLhT7E,@AlineSilva-f2f,tapioca joao,0,2025-04-08T00:28:56Z
aF9t4CLhT7E,@CarinaSantos-y3m,,0,2025-04-07T20:18:06Z
aF9t4CLhT7E,@CarinaSantos-y3m,tchau ion ok,1,2025-04-07T20:17:37Z
aF9t4CLhT7E,@rayanealves9719,caua lucas,0,2025-04-07T19:52:38Z
aF9t4CLhT7E,@naoko_tamys,nome vai caua jupileu,1,2025-04-07T19:21:26Z
aF9t4CLhT7E,@naoko_tamys,ameii ju araujo,14,2025-04-07T19:10:59Z
aF9t4CLhT7E,@RafaelFerreiraDavi,deus ceu,2,2025-04-07T17:07:33Z
aF9t4CLhT7E,@silvanabuttini774,,1,2025-04-07T16:39:13Z
Oyw0QaIA61w,@fernandoigorlg,uytdh brinde gente vai,0,2025-07-14T16:47:37Z
Oyw0QaIA61w,@MarcosAntonio-bv7jv,hrefhttpswwwyoutubecomwatchvoywqaiawampta,0,2025-07-04T01:19:27Z
Oyw0QaIA61w,@elisasantorbano,meuuu deuuuuuuus hrefhttpswwwyoutubecomwatchvoywqaiawampta,0,2025-06-25T21:40:49Z
Oyw0QaIA61w,@ruivacs9776,,0,2025-06-22T22:18:59Z
Oyw0QaIA61w,@raphaellacarvalho-gv9uk,nada,0,2025-06-22T16:40:22Z
Oyw0QaIA61w,@christianecardosodesouza4365,marya celia cardoso lima juliana fa,0,2025-06-20T19:05:24Z
Oyw0QaIA61w,@Lucia-d5o9o,faz anos nao assisto videos,0,2025-06-10T00:12:06Z
Oyw0QaIA61w,@AlicyMoraes-h3c,tomara voce ta falando nessa casa meiodia vi espirito janela outro hora voce virou camera tambem escada vi mao naquele buraquinho escada vi espirito,1,2025-05-25T19:41:11Z
Oyw0QaIA61w,@AlicyMoraes-h3c,ja acordei horas manha vi pessoa noite roupa preta olhando chao deu sai correndo cama voltei dormir antes feito oracao disso traumatizei agora bem gracas deus,1,2025-05-25T19:35:02Z
Oyw0QaIA61w,@CiceraMaria-l7m,mulher fazer video to medo,0,2025-05-15T15:09:08Z
Oyw0QaIA61w,@FabirlenePimentachaves-f7d,nao,0,2025-05-14T17:40:39Z
Oyw0QaIA61w,@MariaAlbaCastro-t9i,hrefhttpswwwyoutubecomwatchvoywqaiawampta hrefhttpswwwyoutubecomwatchvoywqaiawampta hrefhttpswwwyoutubecomwatchvoywqaiawampta hrefhttpswwwyoutubecomwatchvoywqaiawampta hrefhttpswwwyoutubecomwatchvoywqaiawampta hrefhttpswwwyoutubecomwatchvoywqaiawampta hrefhttpswwwyoutubecomwatchvoywqaiawampta hrefhttpswwwyoutubecomwatchvoywqaiawampta hrefhttpswwwyoutubecomwatchvoywqaiawampta hrefhttpswwwyoutubecomwatchvoywqaiawampta hrefhttpswwwyoutubecomwatchvoywqaiawampta hrefhttpswwwyoutubecomwatchvoywqaiawampta hrefhttpswwwyoutubecomwatchvoywqaiawampta hrefhttpswwwyoutubecomwatchvoywqaiawampta hrefhttpswwwyoutubecomwatchvoywqaiawampta hrefhttpswwwyoutubecomwatchvoywqaiawampta hrefhttpswwwyoutubecomwatchvoywqaiawampta hrefhttpswwwyoutubecomwatchvoywqaiawampta hrefhttpswwwyoutubecomwatchvoywqaiawampta hrefhttpswwwyoutubecomwatchvoywqaiawampta hrefhttpswwwyoutubecomwatchvoywqaiawampta hrefhttpswwwyoutubecomwatchvoywqaiawampta hrefhttpswwwyoutubecomwatchvoywqaiawampta hrefhttpswwwyoutubecomwatchvoywqaiawampta hrefhttpswwwyoutubecomwatchvoywqaiawampta hrefhttpswwwyoutubecomwatchvoywqaiawampta hrefhttpswwwyoutubecomwatchvoywqaiawampta hrefhttpswwwyoutubecomwatchvoywqaiawampta hrefhttpswwwyoutubecomwatchvoywqaiawampta hrefhttpswwwyoutubecomwatchvoywqaiawampta hrefhttpswwwyoutubecomwatchvoywqaiawampta,0,2025-05-12T20:27:20Z
Oyw0QaIA61w,@MariaAlbaCastro-t9i,iui,0,2025-05-12T20:27:07Z
Oyw0QaIA61w,@MariaAlbaCastro-t9i,,0,2025-05-12T20:26:53Z
Oyw0QaIA61w,@Aruninha12,voce nao pode zoar vai monstro feroz gosto feroz nao vai,1,2025-05-08T02:49:04Z
Oyw0QaIA61w,@Cliente-s2m,,0,2025-05-06T01:38:13Z
Oyw0QaIA61w,@Rafaelibianca,doidinha jeito q gosto assistir hrefhttpswwwyoutubecomwatchvoywqaiawampta,1,2025-05-04T02:23:40Z
Oyw0QaIA61w,@eliexandrafreitas5732,serio vai parece monte criatura alice fala perseguido criatura,0,2025-05-03T21:59:52Z
Oyw0QaIA61w,@ArthurdeJesusSouza-u4m,ouvir alguma coisa,0,2025-05-01T12:54:40Z
Oyw0QaIA61w,@ArthurdeJesusSouza-u4m,so shopping,1,2025-05-01T12:52:50Z
Oyw0QaIA61w,@SophiaMaciel-o7t,,0,2025-04-29T23:16:50Z
Oyw0QaIA61w,@LuizaXavier-vs9wk,ju araujo amo videos,0,2025-04-29T15:05:04Z
Oyw0QaIA61w,@VídeosdoFlamengo-i6v,ju vi alguma coisa la atras voce pessoa camisa branca,0,2025-04-28T14:03:31Z
Oyw0QaIA61w,@lucianacarvalho375,sobe sobe sobe sobe sobe tomara bife esquisito hein medo,0,2025-04-28T02:19:24Z
Oyw0QaIA61w,@elzaguarino6031,concorda deve ta casa clica aqui embaixo br,1,2025-04-27T22:10:14Z
Oyw0QaIA61w,@jordanamartinsfernandesjor1996,noi,0,2025-04-27T18:58:10Z
Oyw0QaIA61w,@LucianoRodrigues-u1x,juliana sei hora ruim jesus cuida entao cuida sempre porque ama gente brbrbrquem comcorda comigo clica aq brnao obrigatorio,0,2025-04-27T13:49:54Z
Oyw0QaIA61w,@erickryann,ta bom verifico,0,2025-04-26T20:35:25Z
Oyw0QaIA61w,@erickryann,nao,0,2025-04-26T20:33:57Z
Oyw0QaIA61w,@Dielecristine,deixaolaquiporfarvo,0,2025-04-25T21:12:41Z
Oyw0QaIA61w,@Dielecristine,sirbi,0,2025-04-25T21:12:05Z
Oyw0QaIA61w,@Dielecristine,amei,1,2025-04-25T21:10:10Z
Oyw0QaIA61w,@TecnA-o5g,tuba,0,2025-04-23T15:44:40Z
Oyw0QaIA61w,@TecnA-o5g,verdade nao,0,2025-04-23T15:41:56Z
Oyw0QaIA61w,@TecnA-o5g,to medo voce voce nao achou verdadeiro,0,2025-04-23T15:40:42Z
Oyw0QaIA61w,@RyanLourenço-e4m,nao faz,0,2025-04-22T18:22:43Z
Oyw0QaIA61w,@RyanLourenço-e4m,nao faz,0,2025-04-22T18:22:23Z
Oyw0QaIA61w,@teresafreire5714,exploracao,0,2025-04-22T15:13:29Z
Oyw0QaIA61w,@Brian_Ray08,quero voce vai nao misericordia,0,2025-04-21T16:10:55Z
Oyw0QaIA61w,@Mariaalice-m8e6o,ju deus proteja,0,2025-04-21T00:34:55Z
Oyw0QaIA61w,@mariasocoreo7278,,0,2025-04-20T13:29:12Z
Oyw0QaIA61w,@Rosana-y2m,kkkkkkkkkkkkkkkkkkkkk,0,2025-04-18T18:11:42Z
Oyw0QaIA61w,@helenamarques3493,hellen hrefhttpswwwyoutubecomwatchvoywqaiawampta,0,2025-04-11T12:15:24Z
Oyw0QaIA61w,@elianefrancelino3262,amo vcs ju cuidado deus ore pra familia viu hrefhttpswwwyoutubecomwatchvoywqaiawampta pq ta caindo musica pq cachorro sei nome nao sei digitar nome cachorro beijoooooo bom video,0,2025-04-11T10:56:33Z
Oyw0QaIA61w,@RosaVarela-n7p,ai voces la cima acho vou instalar vai pegar voce,0,2025-04-08T11:36:18Z
Oyw0QaIA61w,@Maryy-z7n,ar maria mulher thanos round,0,2025-04-05T21:42:52Z
Oyw0QaIA61w,@sinthiasilva642,pode ir ju araujo,0,2025-04-04T03:37:45Z
Oyw0QaIA61w,@RosimeireEleuterio,,0,2025-04-04T00:49:27Z
Oyw0QaIA61w,@xadrez-t7m,,0,2025-04-03T21:17:27Z
Oyw0QaIA61w,@EnzoGabriel-ligado,,0,2025-04-03T17:20:47Z
Oyw0QaIA61w,@isabellysilva1003,oi vai alguem vai alguem vo rafael gamer,0,2025-04-03T01:14:44Z
Oyw0QaIA61w,@selmasilva-qv5xu,aaaii vc vai fazer ju araujo,0,2025-04-03T00:31:58Z
Oyw0QaIA61w,@GeovannaGamessYT,oii nova inscrita,2,2025-04-02T21:25:01Z
Oyw0QaIA61w,@AnaBeatriz-x8c,jogo vi algumas coisas esquisitas voce entrou viu pano branco voando voce vem andando vi algumas coisas mexendo,3,2025-04-02T20:41:35Z
Oyw0QaIA61w,@Cortespregações7093,to medo,3,2025-04-02T16:16:00Z
Oyw0QaIA61w,@carolsousa2188,sim vai ter subir la,1,2025-04-02T15:49:20Z
Oyw0QaIA61w,@JoséFernando-q7m,cuidado,1,2025-04-02T15:13:47Z
Oyw0QaIA61w,@MillenaSophiaSousa,millena sophia sousa,2,2025-04-02T15:05:54Z
Oyw0QaIA61w,@renataA-r2g,oi primeira,1,2025-04-02T15:02:35Z
D4txwJg96do,@seguidores-amor,ju araujo faz desenho leozinho lorenzo favor,1,2025-06-30T00:52:51Z
D4txwJg96do,@LiegeChagas,,1,2025-06-29T17:15:24Z
D4txwJg96do,@neguinhoBrito-sj3pz,todos voces ficaram fofos bebes cade mae nao mae nao sendo casa voces acho sei caminho nao sei so sei voces mora canto voces sao iguais nao sei sao vida voces pra fazer video desses voces nao fizessem nao iria achar fofura agora nao aguento fofo,1,2025-06-24T19:24:39Z
D4txwJg96do,@carolvianacarol9894,rummm saboneteira disjuntores fotos divide disjuntores,0,2025-06-22T01:19:08Z
D4txwJg96do,@HelenaPequitita,,0,2025-06-17T02:08:39Z
D4txwJg96do,@Kaua-e6u,,1,2025-06-05T02:33:56Z
D4txwJg96do,@dayanewerneck841,,1,2025-05-31T00:06:24Z
D4txwJg96do,@dayanewerneck841,,0,2025-05-28T12:45:37Z
D4txwJg96do,@EligleideFigueredo-n8b,vcs ficaram fofos bebes,0,2025-05-23T17:29:32Z
D4txwJg96do,@LorenaSampaio-sl7mo,deus ceu hrefhttpswwwyoutubecomwatchvdtxwjgdoampta,0,2025-05-15T00:34:56Z
D4txwJg96do,@HelenaPequitita,mu mu buro,3,2025-05-14T18:09:28Z
D4txwJg96do,@scheilasilveira4386,ju vc linda demais,1,2025-05-14T10:35:27Z
D4txwJg96do,@scheilasilveira4386,ai fofa thai,7,2025-05-14T10:32:52Z
D4txwJg96do,@myllezao,,0,2025-05-13T12:56:23Z
D4txwJg96do,@on_kagura,quer parte curtir,0,2025-05-11T15:47:38Z
D4txwJg96do,@AngelaSophia-g7e6d,ai fofa thai vc nao nenhuma,1,2025-05-11T07:35:20Z
D4txwJg96do,@gyelsabajo6763,,1,2025-05-09T18:41:38Z
D4txwJg96do,@MariliaOliveira-r9g,popsssss,2,2025-05-08T21:10:23Z
D4txwJg96do,@MariliaOliveira-r9g,,0,2025-05-08T21:10:11Z
D4txwJg96do,@MariliaOliveira-r9g,,1,2025-05-08T21:10:04Z
D4txwJg96do,@alexandregomes4326,timo,1,2025-05-08T20:32:00Z
D4txwJg96do,@alexandregomes4326,lista,0,2025-05-08T20:30:06Z
D4txwJg96do,@Mdthay,popssss,2,2025-05-08T16:05:23Z
D4txwJg96do,@Mdthay,,0,2025-05-08T16:04:34Z
dbWsRXc9W5I,@JOÃOCARLOSFIGUEIREDODACOSTA,deve ficar nenenzinha,0,2025-07-14T11:09:55Z
dbWsRXc9W5I,@JOÃOCARLOSFIGUEIREDODACOSTA,nome vai juliana gabi,0,2025-07-14T11:06:54Z
dbWsRXc9W5I,@aguinaldosantana4125,nome pode raissa laura,0,2025-07-14T00:08:28Z
dbWsRXc9W5I,@IgorGuerra-q4e,flcaruamlna,0,2025-07-12T02:32:17Z
dbWsRXc9W5I,@IgorGuerra-q4e,ana,0,2025-07-12T02:28:49Z
dbWsRXc9W5I,@antoniosousa9670,annja,1,2025-07-06T22:21:10Z
dbWsRXc9W5I,@antoniosousa9670,ana,1,2025-07-06T22:14:36Z
dbWsRXc9W5I,@LouisyNeves,julinha,0,2025-07-05T19:43:24Z
dbWsRXc9W5I,@MariaJoseNascimentoPereira,mari araujo,0,2025-07-04T17:08:56Z
dbWsRXc9W5I,@anacarolina0098,oi tudo bem nome pode antonella convidar voce nao achar bonito pode lavinha coloquese nome amor deus favorzinho,0,2025-07-04T02:36:24Z
dbWsRXc9W5I,@eliasdossantos9085,livia,0,2025-07-03T21:16:52Z
dbWsRXc9W5I,@RonaldoSilva-uw2kz,helena,0,2025-06-30T20:26:13Z
dbWsRXc9W5I,@mikelesousa7425,escolhi nome bebe,0,2025-06-29T22:34:30Z
dbWsRXc9W5I,@LuanTcharlles-n5y,eloa eloa eloa,0,2025-06-28T03:56:04Z
dbWsRXc9W5I,@MariaFlor-k6j,acho,0,2025-06-27T13:15:28Z
dbWsRXc9W5I,@LaryssAMariano-d7z,jujuba,1,2025-06-25T02:03:13Z
dbWsRXc9W5I,@LaryssAMariano-d7z,julia,0,2025-06-25T02:02:39Z
dbWsRXc9W5I,@CarlosMoreira-w8j,livia videos videos voce pensa nome completo,0,2025-06-25T00:03:48Z
dbWsRXc9W5I,@JulianaCastro-z9k,acho parece voce,0,2025-06-23T23:45:50Z
dbWsRXc9W5I,@JulianaCastro-z9k,desculpa mudei nome nome pode isadora,0,2025-06-23T23:36:32Z
dbWsRXc9W5I,@JulianaCastro-z9k,nome pode mariana,0,2025-06-23T23:35:53Z
dbWsRXc9W5I,@paullynharodrigues2148,julia alice sofia alguns nome assim,0,2025-06-23T21:42:56Z
dbWsRXc9W5I,@raphaellacarvalho-gv9uk,julia pode laura,0,2025-06-22T18:10:07Z
dbWsRXc9W5I,@ozielBarroso-v6u,dara,0,2025-06-22T01:44:11Z
dbWsRXc9W5I,@vbnm-l4c8k,nome voce eloar,0,2025-06-21T16:49:29Z
dbWsRXc9W5I,@ademaralmeida4122,virginia,0,2025-06-20T10:12:38Z
dbWsRXc9W5I,@NatalyRebeka,oi unome podece luiza,0,2025-06-20T01:11:50Z
dbWsRXc9W5I,@FranciscaDaniel-i9b,laura,0,2025-06-17T16:01:06Z
dbWsRXc9W5I,@Cristinabatistaof,,0,2025-06-15T23:22:43Z
dbWsRXc9W5I,@Cristinabatistaof,oii ju primeira fixa,0,2025-06-15T23:18:57Z
dbWsRXc9W5I,@cidacarlos4732,yasmin,0,2025-06-13T01:08:27Z
dbWsRXc9W5I,@FelipeSoares-p5b,adota bebe porque pais sao doutorados cuido priminha bebe aninho ja ta meses desenho pequena viu fofa,0,2025-06-12T14:48:26Z
dbWsRXc9W5I,@FelipeSoares-p5b,ju voce nao nome maria luiza,0,2025-06-12T14:38:47Z
dbWsRXc9W5I,@KaioMelo-l7j,julinha,0,2025-06-12T01:12:30Z
dbWsRXc9W5I,@KaioMelo-l7j,julinha,0,2025-06-12T01:12:19Z
dbWsRXc9W5I,@KaioMelo-l7j,julinha,0,2025-06-12T01:12:08Z
dbWsRXc9W5I,@Canaldayasmim_o,olha chupeta ta escrito nome dal,0,2025-06-09T15:01:18Z
dbWsRXc9W5I,@Contagooglemotorola-q5v,vitoria ju araujo,1,2025-06-09T12:51:45Z
dbWsRXc9W5I,@Contagooglemotorola-q5v,,1,2025-06-09T12:47:47Z
dbWsRXc9W5I,@SilvaIrma,splaninaou lule,0,2025-06-07T16:20:27Z
dbWsRXc9W5I,@Emiliyvicktoria,oi juliana amo slink,1,2025-06-03T02:14:26Z
dbWsRXc9W5I,@RecepçãoHortaEmCasa,sophia,0,2025-06-02T00:48:04Z
dbWsRXc9W5I,@GabrielEdivan-rv7uy,juliana,0,2025-05-31T15:23:54Z
dbWsRXc9W5I,@KellyCosta-m4i,belinha nome belinha,0,2025-05-31T02:00:30Z
dbWsRXc9W5I,@KellyCosta-m4i,,0,2025-05-31T01:59:55Z
dbWsRXc9W5I,@Gisele-y9g,lavinia,0,2025-05-29T17:54:07Z
dbWsRXc9W5I,@nadjanenunes5168,mariajulia,0,2025-05-29T14:37:00Z
dbWsRXc9W5I,@djangelzwyx6382,anos nome adriele nome vai julia,0,2025-05-27T17:56:19Z
dbWsRXc9W5I,@Heleninha1825,alice,0,2025-05-22T03:37:06Z
dbWsRXc9W5I,@AnaLiz-k1j,juarejo,0,2025-05-21T22:00:00Z
dbWsRXc9W5I,@mariasocorro7428,sim,0,2025-05-20T15:12:11Z
dbWsRXc9W5I,@wesllenferreira6544,sim,0,2025-05-20T02:17:37Z
dbWsRXc9W5I,@wesllenferreira6544,fenada,0,2025-05-20T02:14:40Z
dbWsRXc9W5I,@MirellaLobato-k7z,aurora princesa,0,2025-05-19T14:30:23Z
dbWsRXc9W5I,@carleanesilva3669,voces parecem,0,2025-05-19T11:51:46Z
dbWsRXc9W5I,@carleanesilva3669,nome,0,2025-05-19T11:45:49Z
dbWsRXc9W5I,@ellaynecampos5997,maria,0,2025-05-19T01:41:31Z
dbWsRXc9W5I,@Alicexgamerspider,voces parecem,0,2025-05-18T12:50:55Z
dbWsRXc9W5I,@Alicexgamerspider,nome pode gabriela ciencia pode nome nome,1,2025-05-18T12:44:42Z
dbWsRXc9W5I,@HenriquePinheiro-ct7qo,luiza,0,2025-05-17T22:02:55Z
dbWsRXc9W5I,@LaviniaLima-v9s,fixaaaaaaaaaa,0,2025-05-17T16:17:25Z
dbWsRXc9W5I,@LaviniaLima-v9s,heloisa estefane,0,2025-05-17T16:08:11Z
dbWsRXc9W5I,@valmirmoreira-sd8hg,laura,0,2025-05-16T17:17:50Z
dbWsRXc9W5I,@ElaineOliveira-j3f,sofia,0,2025-05-16T03:11:13Z
dbWsRXc9W5I,@Eduarda-13805,dama,0,2025-05-14T18:19:02Z
dbWsRXc9W5I,@naldyrcarvalho7236,lara,0,2025-05-14T15:02:28Z
dbWsRXc9W5I,@naldyrcarvalho7236,,0,2025-05-14T15:02:07Z
dbWsRXc9W5I,@mariaeduardalopesnevis5488,julia oliveira laurinha,0,2025-05-14T11:57:39Z
dbWsRXc9W5I,@rogeniaeliz795,gabriela,0,2025-05-13T16:37:35Z
dbWsRXc9W5I,@MiroteRodrigues,po,0,2025-05-13T01:54:25Z
dbWsRXc9W5I,@FelipeLima-v7v,menina vai alice menino vai joao joao alice maioria like,0,2025-05-11T02:35:06Z
dbWsRXc9W5I,@1990alves,adfo,0,2025-05-08T15:33:54Z
dbWsRXc9W5I,@maurinapereira2679,ju nome bebe pode maite,0,2025-05-05T10:50:27Z
dbWsRXc9W5I,@rafaelaferreira204,ja sei nome pra bebe pode laura,0,2025-05-05T00:19:51Z
dbWsRXc9W5I,@TatianeCorrearodrigues,manuela,0,2025-05-04T23:32:06Z
dbWsRXc9W5I,@larissadasilvarodrigues7729,,0,2025-05-04T18:00:14Z
dbWsRXc9W5I,@mislenejesus5481,sofia,0,2025-05-03T23:23:44Z
dbWsRXc9W5I,@yancanunes4262,lola,0,2025-05-03T19:40:05Z
dbWsRXc9W5I,@RecepçãoHortaEmCasa,sophia,0,2025-05-02T20:37:12Z
dbWsRXc9W5I,@TamaraWillianny32,luisa,0,2025-05-02T16:06:26Z
dbWsRXc9W5I,@ManuellaBatista-z8v,luisa,0,2025-04-30T21:57:18Z
dbWsRXc9W5I,@Marianne-ig5,nome pode jujuba juntinhas,0,2025-04-30T20:56:20Z
dbWsRXc9W5I,@FrancimoneSousa-v5e9f,ana clara,0,2025-04-29T14:53:24Z
dbWsRXc9W5I,@VerônicaFerreira-m3g,juliana filha filha bonita coracaozinho,0,2025-04-29T02:49:26Z
dbWsRXc9W5I,@JujuDaju-v2k,acho valentina vai dar certo nome parecida,0,2025-04-28T22:08:04Z
dbWsRXc9W5I,@fredferreira8479,aurora,1,2025-04-27T15:06:32Z
dbWsRXc9W5I,@mislenejesus5481,nao vai boquinha quanto gelada agua nao nao pode dar pra ne sorvete tambem,1,2025-04-27T12:54:22Z
dbWsRXc9W5I,@larissadasilvarodrigues7729,,0,2025-04-25T23:24:27Z
dbWsRXc9W5I,@JoanaDArcSiqueiraOliveira,nome bella,1,2025-04-25T20:28:30Z
dbWsRXc9W5I,@AntonelaNagasawa,jade,1,2025-04-25T00:21:17Z
dbWsRXc9W5I,@soniamariamartins8274,fica,1,2025-04-24T13:14:22Z
dbWsRXc9W5I,@soniamariamartins8274,nome dabebe pode vitoria,1,2025-04-24T13:11:38Z
dbWsRXc9W5I,@anacecilialacerdareis3223,ju pode sim comer arroz,1,2025-04-23T19:14:39Z
dbWsRXc9W5I,@anacecilialacerdareis3223,ju so pode tomar leite tomar banho morno dorme almoco,1,2025-04-23T19:13:39Z
dbWsRXc9W5I,@anacecilialacerdareis3223,ju coloca nome auro,1,2025-04-23T19:08:17Z
dbWsRXc9W5I,@erickadaniela229,alexa,1,2025-04-21T00:37:03Z
dbWsRXc9W5I,@Brian_Ray08,bela bela,1,2025-04-20T15:17:27Z
dbWsRXc9W5I,@rafaelaferreira204,alice,1,2025-04-20T14:58:14Z
dbWsRXc9W5I,@Letgamess,fotos homem mariana,1,2025-04-18T12:29:06Z
dbWsRXc9W5I,@Lívia-e1dbeatriz,voce deve ficar crianca nome favor mulher voce,1,2025-04-17T18:52:58Z
dbWsRXc9W5I,@MarialuizaDias-v2u,anna clara,1,2025-04-17T10:43:02Z
dbWsRXc9W5I,@DoraliceMaria-f1m,coloca nome baby marina,1,2025-04-16T19:35:44Z
dbWsRXc9W5I,@MariaFátimaSaraivaGuimarães,,2,2025-04-12T13:42:40Z
dbWsRXc9W5I,@RafaelDjubate-b7c1w,vi entregando bota casa,1,2025-04-11T20:58:28Z
dbWsRXc9W5I,@RafaelDjubate-b7c1w,alice aliceOK,0,2025-04-11T20:55:13Z
dbWsRXc9W5I,@RafaelDjubate-b7c1w,alice,0,2025-04-11T20:54:44Z
dbWsRXc9W5I,@Tefi_Blox,maite,1,2025-04-10T00:32:03Z
dbWsRXc9W5I,@helenamarques3493,hellen hrefhttpswwwyoutubecomwatchvdbwsrxcwiampta,1,2025-04-09T22:40:28Z
dbWsRXc9W5I,@kellymorais5725,deus so vim aqui final adiantar caiu tony horas ta,0,2025-04-09T01:21:56Z
dbWsRXc9W5I,@LeonorSilva-v6x,sim voces combinam muitoooooo hrefhttpswwwyoutubecomwatchvdbwsrxcwiampta hrefhttpswwwyoutubecomwatchvdbwsrxcwiampta,1,2025-04-08T19:55:55Z
dbWsRXc9W5I,@LeonorSilva-v6x,oliviajulia leonor nuria faaaaa,3,2025-04-08T19:49:38Z
dbWsRXc9W5I,@Larissavit22503,laura,0,2025-04-08T16:09:21Z
dbWsRXc9W5I,@danielrique2184,ana,0,2025-04-07T01:02:16Z
dbWsRXc9W5I,@annajulia3528,natallybr,0,2025-04-06T17:23:03Z
dbWsRXc9W5I,@MariaSilva-qq1dy,leticia,0,2025-04-06T16:10:39Z
dbWsRXc9W5I,@CuriousZone_,mirella nome lindo botar,0,2025-04-06T13:49:45Z
dbWsRXc9W5I,@CuriousZone_,mirella,0,2025-04-06T13:49:28Z
dbWsRXc9W5I,@Hhhdhikdkjdid,maite,0,2025-04-05T14:02:19Z
dbWsRXc9W5I,@anaclarayoutuber-s7k,juju,0,2025-04-05T01:48:10Z
dbWsRXc9W5I,@AntoniodenesDenes,eriza,0,2025-04-04T23:27:51Z
dbWsRXc9W5I,@ValdenicePinheiro-f9i,favor pode esmeralda pode ana paula,0,2025-04-04T17:08:49Z
dbWsRXc9W5I,@LudmillaSouza-yi7bk,julia,0,2025-04-03T20:39:51Z
dbWsRXc9W5I,@LudmillaSouza-yi7bk,sofia,0,2025-04-03T20:39:28Z
dbWsRXc9W5I,@helenamarques3493,hellen hrefhttpswwwyoutubecomwatchvdbwsrxcwiampta,0,2025-04-03T12:32:48Z
dbWsRXc9W5I,@elianearaujo5660,planta tia julia julia pesquisei,0,2025-04-03T02:08:38Z
dbWsRXc9W5I,@elyrobertomarquespinto6688,maria alice,1,2025-04-02T18:33:16Z
dbWsRXc9W5I,@JuliaPkxd-ofc,juju,0,2025-03-30T17:01:26Z
dbWsRXc9W5I,@LauraCosta-y9v,mini chu identica voce,0,2025-03-30T13:35:21Z
dbWsRXc9W5I,@klerciany,sim,0,2025-03-27T15:43:49Z
dbWsRXc9W5I,@klerciany,maria laura,0,2025-03-27T15:41:39Z
dbWsRXc9W5I,@AnaPaula-hy4yh,juju,0,2025-03-27T14:36:50Z
dbWsRXc9W5I,@Joaolucasbloxm,laila,0,2025-03-26T23:39:45Z
dbWsRXc9W5I,@MiguelMiller123,acho bebe,0,2025-03-26T22:31:38Z
dbWsRXc9W5I,@AnnaLiviaDeSousa-k,pig,0,2025-03-26T16:32:26Z
dbWsRXc9W5I,@mayaragrazielesouza8254,manu manuzinho nome pode manuzinha mirela mirela lorena malu sara gostaria,0,2025-03-26T13:27:52Z
dbWsRXc9W5I,@leidianefarias499,,0,2025-03-25T17:43:42Z
dbWsRXc9W5I,@richardoliveira668,liz,0,2025-03-24T21:29:13Z
dbWsRXc9W5I,@juniorpaiva7346,agatha,0,2025-03-24T15:05:14Z
dbWsRXc9W5I,@MarilzaPereira-w4b,julia,0,2025-03-24T02:52:54Z
dbWsRXc9W5I,@ThaliaSilva-m3f,sofia hrefhttpswwwyoutubecomwatchvdbwsrxcwiampta,0,2025-03-23T05:00:56Z
dbWsRXc9W5I,@Hdisndie,ana voce pode dar nome amor,0,2025-03-21T16:40:50Z
dbWsRXc9W5I,@kellybuckel2455,gente isis filha vitao,1,2025-03-21T14:04:39Z
dbWsRXc9W5I,@MariaEduarda-x9p5r,maite,0,2025-03-20T02:06:15Z
dbWsRXc9W5I,@Lauracalheiros-f6h,alice,0,2025-03-20T01:50:02Z
dbWsRXc9W5I,@Lauracalheiros-f6h,alice alice,0,2025-03-20T01:48:35Z
dbWsRXc9W5I,@Lauracalheiros-f6h,alice,0,2025-03-20T01:48:18Z
dbWsRXc9W5I,@Lauracalheiros-f6h,alice,0,2025-03-20T01:48:04Z
dbWsRXc9W5I,@PalomaTais-b8n,alisi,0,2025-03-20T01:37:45Z
dbWsRXc9W5I,@MariaSousa-w4x,julinha,0,2025-03-17T21:36:33Z
dbWsRXc9W5I,@Bernardo_arthur-morgan2.0,faz desenho jazzghost favor,0,2025-03-17T21:15:36Z
dbWsRXc9W5I,@RondigleyMaia,eduarda,0,2025-03-16T17:10:28Z
dbWsRXc9W5I,@cortesrapidosrd,,0,2025-03-15T18:06:43Z
dbWsRXc9W5I,@AliceRibeiro-p6p,alice,0,2025-03-14T17:46:13Z
dbWsRXc9W5I,@AliceRibeiro-p6p,alice,0,2025-03-14T17:45:45Z
dbWsRXc9W5I,@Thayla-z1p,porque tava caixa,0,2025-03-14T13:28:12Z
dbWsRXc9W5I,@naoko_tamys,hrefhttpswwwyoutubecomwatchvdbwsrxcwiampta slink mto fofinho,0,2025-03-12T23:47:09Z
dbWsRXc9W5I,@flaviacarlos1030,sofia,0,2025-03-12T16:02:10Z
dbWsRXc9W5I,@RebecaSouzadeOliveira-o9v,nana,0,2025-03-12T02:13:58Z
dbWsRXc9W5I,@CriatianeSousa-v1x,foto maria cecilia sugianto,0,2025-03-11T16:50:23Z
dbWsRXc9W5I,@milianecordeiro9191,maria,0,2025-03-10T02:37:54Z
dbWsRXc9W5I,@milianecordeiro9191,papinha,1,2025-03-10T02:37:10Z
dbWsRXc9W5I,@agathasafira0103,voce pode colocar maisa,0,2025-03-10T01:57:43Z
dbWsRXc9W5I,@fernanda3951,aurora,0,2025-03-09T02:22:04Z
dbWsRXc9W5I,@Thomaz-e8n,papinha comer papinha,0,2025-03-08T23:08:47Z
dbWsRXc9W5I,@JacobNogueiraNogueira,entao troca nome elog,0,2025-03-08T20:55:52Z
dbWsRXc9W5I,@JacobNogueiraNogueira,ja mandou ficou,0,2025-03-08T20:54:04Z
dbWsRXc9W5I,@AliceSousaLima-f3c,sofia,0,2025-03-08T14:49:02Z
dbWsRXc9W5I,@cleonicealencar460,ana clara,0,2025-03-08T13:30:57Z
dbWsRXc9W5I,@EnzoGabriel-ligado,laila luiza,1,2025-03-08T01:16:52Z
dbWsRXc9W5I,@kysha-b9j,ana alice,0,2025-03-07T21:28:57Z
dbWsRXc9W5I,@Jujumi-br,fica bota nome aila vai ficar lindo,0,2025-03-07T17:33:46Z
dbWsRXc9W5I,@RosangelaRosangeladasilvamende,menina acho ana cec aqui moro bebe bem fofinha fecha tambem bem fofinha,0,2025-03-07T17:30:58Z
dbWsRXc9W5I,@MariaOliveira-u8z,julia ta bom entao,0,2025-03-07T13:00:14Z
dbWsRXc9W5I,@rebecamaria-d6d,juliana bota nome julia quero fique fofinha hrefhttpswwwyoutubecomwatchvdbwsrxcwiampta,0,2025-03-06T13:03:29Z
dbWsRXc9W5I,@rebecamaria-d6d,voce colocar julia,1,2025-03-06T12:41:09Z
dbWsRXc9W5I,@CristinaFerreiradaSilva-u8d,crianca nome fofura coracao florzinha lindinha,0,2025-03-06T12:36:31Z
dbWsRXc9W5I,@julianasouzadeoliveira9306,,0,2025-03-06T04:47:43Z
dbWsRXc9W5I,@grazielasena27,fica crianca fica crianca fica crianca,0,2025-03-05T23:12:32Z
dbWsRXc9W5I,@grazielasena27,nome ta chupeta,0,2025-03-05T23:09:21Z
dbWsRXc9W5I,@MariaAlice-i7k,maria alice,0,2025-03-05T20:17:28Z
dbWsRXc9W5I,@afamiliacruz,tamara,0,2025-03-05T17:39:33Z
dbWsRXc9W5I,@fatimaaguiar4245,alice,0,2025-03-05T17:06:58Z
dbWsRXc9W5I,@ElieusaFerreira,taynara,0,2025-03-05T16:00:39Z
dbWsRXc9W5I,@SimonieAraujo,nome dessa bebe podia laura,0,2025-03-05T15:31:28Z
dbWsRXc9W5I,@MariaVitória-h7g3l,leite ainda nao dente bebe leite somente leite ta molinho dar banho nela fazer monte coisa botaram,2,2025-03-05T14:53:33Z
dbWsRXc9W5I,@MariaVitória-h7g3l,voce nao ve chupetinha nao nome,0,2025-03-05T14:48:53Z
dbWsRXc9W5I,@JoseNeGomesdaSilva,hicae,0,2025-03-05T13:41:26Z
dbWsRXc9W5I,@cristianecamargo8009,vc vai ficar,0,2025-03-05T01:31:53Z
dbWsRXc9W5I,@DaianeResende-y2i,alice,0,2025-03-05T00:34:26Z
dbWsRXc9W5I,@rafaelsilvagomes,maria julia,0,2025-03-04T21:59:54Z
dbWsRXc9W5I,@almirmartins3088,lesiva,0,2025-03-04T21:40:35Z
dbWsRXc9W5I,@pimentaerica7716,ninguem,0,2025-03-04T21:08:27Z
dbWsRXc9W5I,@kertenof,heloisa,0,2025-03-04T19:17:01Z
dbWsRXc9W5I,@EduardoSousa-e2p,melissa,1,2025-03-04T19:10:48Z
dbWsRXc9W5I,@JaneKisner,julinha,0,2025-03-04T18:33:59Z
dbWsRXc9W5I,@elenildateixeira1911,maria julia,0,2025-03-04T17:06:42Z
dbWsRXc9W5I,@PatríciaBertolino-q8b,helena,0,2025-03-04T17:02:49Z
dbWsRXc9W5I,@marcoslessa4361,aila,1,2025-03-04T16:14:02Z
dbWsRXc9W5I,@Laurarioslinda,oii ju primeira fixa,12,2025-03-04T15:48:05Z
-2Iu2S0MKtE,@laysacacio9417,codigo horas comendo comida roxa,0,2025-07-02T20:07:41Z
-2Iu2S0MKtE,@RhaynnaraMickaellyRhay,compararei estoque todinho camisa camisa,0,2025-06-19T19:48:37Z
-2Iu2S0MKtE,@RebecaEmanuelly-x7z,faz vinte hrs comendo cor alzu,0,2025-06-14T16:23:21Z
-2Iu2S0MKtE,@elianarocha729,jacomi,0,2025-05-27T13:12:09Z
-2Iu2S0MKtE,@geovaniaferreira3341,,0,2025-05-19T16:23:48Z
-2Iu2S0MKtE,@IdineyFerreira-e1p,senhor gostaria fa,0,2025-04-30T02:07:48Z
-2Iu2S0MKtE,@ynsleisouza8625,,0,2025-04-26T15:04:26Z
-2Iu2S0MKtE,@Lívia-e1dbeatriz,proxima cor vai roxo,0,2025-04-24T15:50:00Z
-2Iu2S0MKtE,@MariliaOliveira-r9g,,0,2025-04-23T12:19:42Z
-2Iu2S0MKtE,@marcinho0077,vai puxar pe madrugada sabe onde casa,2,2025-04-22T00:16:20Z
-2Iu2S0MKtE,@lolozinhaYT-l8k,vem parte pitaya nao come horas manha vem nao gosto nada,0,2025-04-08T13:25:15Z
-2Iu2S0MKtE,@aninhacosta8753,la,0,2025-03-30T23:13:01Z
-2Iu2S0MKtE,@AlexandreCarvalho-x9g,fa sabe video la faca letra amor voce fez ouvir ne tambem faco comeco letra g tipo nome gustavo,0,2025-03-10T19:01:52Z
-2Iu2S0MKtE,@FlaviaVitoria-t8y,sim,0,2025-03-10T00:50:23Z
-2Iu2S0MKtE,@AnaPaulamovilhadeAndrade,vermelho cor vermelha,0,2025-03-09T00:06:17Z
-2Iu2S0MKtE,@CarinaSantos-y3m,,0,2025-03-03T23:07:15Z
-2Iu2S0MKtE,@CarinaSantos-y3m,aesoo,1,2025-03-03T23:06:45Z
-2Iu2S0MKtE,@millenaalves2815,ves,0,2025-03-01T19:14:07Z
-2Iu2S0MKtE,@MaisaSilva-w3j,azu,0,2025-03-01T01:09:25Z
-2Iu2S0MKtE,@MaisaSilva-w3j,,1,2025-03-01T01:07:08Z
-2Iu2S0MKtE,@priscilamorais6091,cor verde,0,2025-02-23T14:10:34Z
-2Iu2S0MKtE,@priscilamorais6091,,0,2025-02-23T14:10:24Z
-2Iu2S0MKtE,@vanialucena7444,,0,2025-02-22T15:17:54Z
-2Iu2S0MKtE,@JulianaSilva-l7y3q,verde,0,2025-02-20T20:32:48Z
-2Iu2S0MKtE,@JulianaSilva-l7y3q,acho enterrou algum lugar porque caiu volei disse quer dizer tava bem baixo porque aqui ja acaba achando gente tentar fazer plataforma vinha aqui vou colocar torre tnt ate la cima vou gastar todas tnt realmente abrir buracao nessa base naruto morte teia aranha to blocos embaixo colocar uns blocos aqui nao cair void agora quebra quebra bico precioso todos quebrei quebrei pega ai inventaram ta cheio pega pega bico boa peguei peguei quer dizer venci quebra quebra nao ja ja venci naruto acabou tempo pode parar pode parar ai acabou tempo dentro voce agora liberei modo criativo naruto agora acesso umas coisas legais tipo,0,2025-02-20T20:12:28Z
-2Iu2S0MKtE,@JulianaSilva-l7y3q,sim queria comprar so gigante so anos nao sei vai servir tamanho ne,0,2025-02-20T20:06:39Z
-2Iu2S0MKtE,@tatianetreuk978,juliana araujo pode vender blusa super contra ariel blusa super amo fa desenho voce,0,2025-02-19T13:07:42Z
-2Iu2S0MKtE,@ayraresende,sabor morango assim,2,2025-02-16T14:42:42Z
-2Iu2S0MKtE,@dafnniariel5217,vei muita voz irritante chata caramba,2,2025-02-10T15:38:09Z
-2Iu2S0MKtE,@MariaKetlen-j2k,comendo comidas azul,1,2025-02-09T00:56:41Z
-2Iu2S0MKtE,@RosangelaRosangeladasilvamende,louca comer comer fruta gosto comer fruta nunca nunca comi coloca boca salto alto ta cama,1,2025-02-08T19:31:31Z
-2Iu2S0MKtE,@RocildaMaria-d4l,,1,2025-02-07T12:56:49Z
-2Iu2S0MKtE,@TiagoSena-i1p,joao araujo nome isabela amo quero quero bahia ta rosa,1,2025-02-05T22:31:50Z
-2Iu2S0MKtE,@IsaacbrunodesouzaBruno,,0,2025-02-05T18:58:48Z
-2Iu2S0MKtE,@carlosalves847,lindo amor,0,2025-02-05T04:28:24Z
-2Iu2S0MKtE,@LuiziaMoares,ovo ovo ovo ovo ovo ovo ovo ovo ovo,1,2025-02-04T00:42:52Z
-2Iu2S0MKtE,@LuiziaMoares,roxo,2,2025-02-04T00:40:51Z
-2Iu2S0MKtE,@LuiziaMoares,roxo,0,2025-02-04T00:38:23Z
-2Iu2S0MKtE,@LuiziaMoares,sim pegaria so nome ta rosa nao puxa braco favor falei gustavo,1,2025-02-04T00:36:47Z
-2Iu2S0MKtE,@LuiziaMoares,sim so toque nome nao,0,2025-02-04T00:34:03Z
-2Iu2S0MKtE,@CAUATHIEGO305,vi ate cachorro slink naquela hora voce ia falar ia comer algodao doce framboesa,0,2025-02-03T23:44:09Z
-2Iu2S0MKtE,@RosárioGomes-n7i,d m,0,2025-02-02T20:20:36Z
-2Iu2S0MKtE,@BrunnoSilvalima-s6x,,0,2025-02-02T18:15:37Z
-2Iu2S0MKtE,@BrunnoSilvalima-s6x,,0,2025-02-02T18:13:48Z
-2Iu2S0MKtE,@bryanrichardnunesdasilva9473,queria quero ne,0,2025-02-01T13:39:45Z
-2Iu2S0MKtE,@CristianeAlves-p1o,come comida cor colorida,0,2025-01-30T17:12:38Z
-2Iu2S0MKtE,@CristianeAlves-p1o,comparei compraria porque faltou maior fa,0,2025-01-30T17:07:19Z
-2Iu2S0MKtE,@glauciamello8008,verde,0,2025-01-30T16:34:06Z
-2Iu2S0MKtE,@glauciamello8008,nunca,0,2025-01-30T16:33:07Z
-2Iu2S0MKtE,@glauciamello8008,nunca,0,2025-01-30T16:31:33Z
-2Iu2S0MKtE,@glauciamello8008,laranja,0,2025-01-30T16:27:05Z
-2Iu2S0MKtE,@glauciamello8008,sim,0,2025-01-30T16:22:08Z
-2Iu2S0MKtE,@GeonayRosana,ovo ovo ovo,1,2025-01-30T04:16:06Z
-2Iu2S0MKtE,@GeonayRosana,brbrbrbrbrbr,1,2025-01-30T04:09:55Z
-2Iu2S0MKtE,@marcelamenezes4343,ta vermelho,1,2025-01-30T01:20:41Z
-2Iu2S0MKtE,@Lilica100,faz vinte quatro hrs comendo comida amarela,2,2025-01-30T01:08:30Z
-2Iu2S0MKtE,@IgorFernandesLourenço,vermelho,1,2025-01-29T21:17:36Z
-2Iu2S0MKtE,@kemillylauane8611,juliana compra caderno bff glitter doce r so custa r,1,2025-01-29T18:29:45Z
-2Iu2S0MKtE,@EsterfaniaBraga,uh,1,2025-01-29T03:27:22Z
-2Iu2S0MKtE,@EsterfaniaBraga,uh,1,2025-01-29T03:27:13Z
-2Iu2S0MKtE,@silvaferreirasuellen1606,vermelho vermelho vermelho filme,1,2025-01-28T18:29:17Z
-2Iu2S0MKtE,@lilianecarvalho9599,,1,2025-01-28T16:39:35Z
-2Iu2S0MKtE,@DaviHenriqueSilva-xe8js,compraria cupa ju,1,2025-01-28T04:04:11Z
-2Iu2S0MKtE,@leticiasantos6784,,1,2025-01-27T21:05:21Z
-2Iu2S0MKtE,@thainascimento8794,,1,2025-01-27T19:40:26Z
-2Iu2S0MKtE,@MatheusSilvestreAndrade,legal video,1,2025-01-27T18:30:52Z
-2Iu2S0MKtE,@marileneferreira3592,ke lida maha,1,2025-01-27T18:29:31Z
-2Iu2S0MKtE,@marileneferreira3592,,1,2025-01-27T18:25:22Z
-2Iu2S0MKtE,@ZezéPrado-e8g,amarelo,2,2025-01-27T15:26:06Z
plbF_uP-8aI,@celiohonoratotete2501,,1,2025-05-29T20:45:36Z
plbF_uP-8aI,@JoaquimLunguinho-j8k,nome ratinha robson bibi,2,2025-05-29T01:13:38Z
plbF_uP-8aI,@gabrielamonteiro6726,jura hoje queria saber coisa quantos anos voce quero saber voce tendeu entao posso falar aqui comentarios quero saber nao adianta gente ainda quero saber voce namorada cu vou deixar pra voce parte dois parte voce escolhe tchau amo tirar,0,2025-05-23T01:35:36Z
plbF_uP-8aI,@LarissaOliveira-n1i,doido doido cabeca cantar pior ainda doido cantar,1,2025-05-12T00:41:35Z
plbF_uP-8aI,@Lorenzohenru,transformers original nunca vi video transforma leozinho,0,2025-04-20T01:00:15Z
plbF_uP-8aI,@izasales3610,juju ta escola entao voce nao sabe nada entao ne parece entao j j j j j j j j j j j j j j j j j j j j j j j j j j j j j j j j j j j j j j j jota juju mm,0,2025-04-01T02:46:21Z
plbF_uP-8aI,@HelenaValentim-w9l,,1,2025-03-17T14:44:17Z
plbF_uP-8aI,@Lulululu-us4cl,egua voce quer voce fala,0,2025-03-11T02:13:49Z
plbF_uP-8aI,@welmasa1412,hrefuckszuwhgymbdvujgpopcornyellowstripedsmileaa hrefuckszuwhgymbdvujgpopcornyellowstripedsmileaa hrefuckszuwhgymbdvujgpopcornyellowstripedsmilea,1,2025-02-28T12:19:45Z
plbF_uP-8aI,@RitadeCassia-f5p,robson,1,2025-02-17T22:04:08Z
plbF_uP-8aI,@Emanuellsilvaofc,lorenzo vai fica lindo qualquer geito fa ih gosto voce,7,2025-01-30T18:35:35Z
